/real_pose/header/stamp/sec,/real_pose/header/stamp/nanosec,/real_pose/pose/position/x,/real_pose/pose/position/y,/real_pose/pose/position/z,/real_pose/pose/orientation/x,/real_pose/pose/orientation/y,/real_pose/pose/orientation/z,/real_pose/pose/orientation/w,/real_pose/header/frame_id,
1.73243e+09,7.4414e+08,0.0103253,0.886286,-2.54342e-06,7.80434e-05,-0.0012751,0.0454755,0.998965,world,
1.73243e+09,8.43636e+08,0.01033,0.886475,-2.66211e-06,3.11065e-05,-0.00127734,0.0454876,0.998964,world,
1.73243e+09,9.44666e+08,0.0103347,0.886672,-2.54341e-06,7.80742e-05,-0.0012751,0.0454997,0.998964,world,
1.73243e+09,4.40202e+07,0.0103392,0.886855,-2.6522e-06,3.12355e-05,-0.00127806,0.045511,0.998963,world,
1.73243e+09,1.43948e+08,0.0103437,0.887047,-2.56812e-06,7.81038e-05,-0.00127648,0.0455224,0.998963,world,
1.73243e+09,2.44528e+08,0.0103485,0.887236,-2.62709e-06,3.13311e-05,-0.00127829,0.0455346,0.998962,world,
1.73243e+09,3.44242e+08,0.0103529,0.887421,-2.54339e-06,7.81338e-05,-0.0012751,0.0455463,0.998961,world,
1.73243e+09,4.44626e+08,0.0103574,0.887608,-2.57789e-06,7.81716e-05,-0.00127563,0.0455578,0.998961,world,
1.73243e+09,5.43868e+08,0.0103621,0.887802,-2.57789e-06,7.8187e-05,-0.00127563,0.0455698,0.99896,world,
1.73243e+09,6.43466e+08,0.0103668,0.887991,-2.65216e-06,3.1326e-05,-0.00127806,0.0455818,0.99896,world,
1.73243e+09,7.43867e+08,0.0103712,0.888172,-2.63647e-06,3.13058e-05,-0.00127748,0.0455932,0.998959,world,
1.73243e+09,8.4359e+08,0.0103755,0.888357,-2.57787e-06,7.82311e-05,-0.00127563,0.0456044,0.998959,world,
1.73243e+09,9.43685e+08,0.01038,0.888544,-2.56807e-06,7.8223e-05,-0.00127647,0.0456156,0.998958,world,
1.73243e+09,4.3702e+07,0.0103849,0.888744,-2.57786e-06,7.82618e-05,-0.00127563,0.0456284,0.998958,world,
1.73243e+09,1.43764e+08,0.0103899,0.888945,-2.63645e-06,3.13673e-05,-0.00127748,0.0456413,0.998957,world,
1.73243e+09,2.44201e+08,0.0103949,0.88915,-2.65212e-06,3.14183e-05,-0.00127806,0.0456539,0.998957,world,
1.73243e+09,3.43979e+08,0.0103997,0.889349,-2.66202e-06,3.13354e-05,-0.00127733,0.0456666,0.998956,world,
1.73243e+09,4.44216e+08,0.0104046,0.889549,-2.63643e-06,3.14152e-05,-0.00127748,0.0456788,0.998955,world,
1.73243e+09,5.44474e+08,0.0104094,0.889748,-2.627e-06,3.15311e-05,-0.00127828,0.0456908,0.998955,world,
1.73243e+09,6.44091e+08,0.0104142,0.889952,-2.57782e-06,7.83576e-05,-0.00127562,0.0457034,0.998954,world,
1.73243e+09,7.43904e+08,0.010419,0.890151,-2.5433e-06,7.83504e-05,-0.00127508,0.045716,0.998954,world,
1.73243e+09,8.43693e+08,0.010424,0.890352,-2.62698e-06,3.1579e-05,-0.00127828,0.0457283,0.998953,world,
1.73243e+09,9.43705e+08,0.0104281,0.890521,-2.62697e-06,3.15924e-05,-0.00127828,0.0457388,0.998953,world,
1.73243e+09,4.39602e+07,0.0104327,0.890712,-2.53504e-06,7.83925e-05,-0.00127592,0.0457504,0.998952,world,
1.73243e+09,1.43989e+08,0.0104375,0.890907,-2.62696e-06,3.16231e-05,-0.00127828,0.0457627,0.998952,world,
1.73243e+09,2.43914e+08,0.0104422,0.891101,-2.62695e-06,3.16384e-05,-0.00127828,0.0457747,0.998951,world,
1.73243e+09,3.43915e+08,0.0104469,0.891294,-2.62695e-06,3.16537e-05,-0.00127828,0.0457866,0.99895,world,
1.73243e+09,4.43558e+08,0.0104514,0.891485,-2.53501e-06,7.84537e-05,-0.00127592,0.0457982,0.99895,world,
1.73243e+09,5.43772e+08,0.010456,0.891673,-2.54325e-06,7.84707e-05,-0.00127507,0.0458102,0.998949,world,
1.73243e+09,6.43904e+08,0.0104607,0.891866,-2.54324e-06,7.84859e-05,-0.00127507,0.0458221,0.998949,world,
1.73243e+09,7.44344e+08,0.0104653,0.892059,-2.54324e-06,7.85011e-05,-0.00127507,0.0458341,0.998948,world,
1.73243e+09,8.43701e+08,0.0104701,0.892248,-2.66192e-06,3.1565e-05,-0.00127733,0.045846,0.998948,world,
1.73243e+09,9.44364e+08,0.0104746,0.892435,-2.652e-06,3.16787e-05,-0.00127805,0.0458573,0.998947,world,
1.73243e+09,4.37691e+07,0.010479,0.892621,-2.53497e-06,7.85433e-05,-0.00127591,0.0458683,0.998947,world,
1.73243e+09,1.43503e+08,0.0104835,0.892804,-2.6619e-06,3.16089e-05,-0.00127733,0.0458803,0.998946,world,
1.73243e+09,2.43592e+08,0.010488,0.892995,-2.57772e-06,7.8598e-05,-0.00127561,0.0458916,0.998946,world,
1.73243e+09,3.43747e+08,0.0104926,0.893178,-2.62688e-06,3.18027e-05,-0.00127827,0.045903,0.998945,world,
1.73243e+09,4.44836e+08,0.0104972,0.893365,-2.6363e-06,3.17172e-05,-0.00127747,0.0459148,0.998945,world,
1.73243e+09,5.44378e+08,0.0105023,0.893581,-2.54319e-06,7.8621e-05,-0.00127507,0.045928,0.998944,world,
1.73243e+09,6.44252e+08,0.0105071,0.893776,-2.63628e-06,3.17496e-05,-0.00127747,0.0459401,0.998943,world,
1.73243e+09,7.44571e+08,0.010512,0.893975,-2.62685e-06,3.18655e-05,-0.00127827,0.0459521,0.998943,world,
1.73243e+09,8.43746e+08,0.0105171,0.894187,-2.63627e-06,3.17819e-05,-0.00127747,0.0459654,0.998942,world,
1.73243e+09,9.44054e+08,0.0105223,0.894408,-2.53491e-06,7.86839e-05,-0.0012759,0.0459784,0.998942,world,
1.73243e+09,4.36296e+07,0.0105273,0.894614,-2.57767e-06,7.87253e-05,-0.0012756,0.0459913,0.998941,world,
1.73243e+09,1.43508e+08,0.0105319,0.894797,-2.62682e-06,3.19302e-05,-0.00127827,0.0460026,0.998941,world,
1.73243e+09,2.439e+08,0.0105365,0.894994,-2.56786e-06,7.87324e-05,-0.00127644,0.0460142,0.99894,world,
1.73243e+09,3.43936e+08,0.0105413,0.895183,-2.62681e-06,3.19606e-05,-0.00127827,0.0460263,0.998939,world,
1.73243e+09,4.43784e+08,0.0105458,0.89537,-2.63623e-06,3.1875e-05,-0.00127747,0.0460381,0.998939,world,
1.73243e+09,5.44742e+08,0.0105504,0.895562,-2.54312e-06,7.87765e-05,-0.00127506,0.0460497,0.998938,world,
1.73243e+09,6.44302e+08,0.0105551,0.895755,-2.54312e-06,7.87916e-05,-0.00127506,0.0460616,0.998938,world,
1.73243e+09,7.44177e+08,0.0105596,0.895942,-2.57763e-06,7.88294e-05,-0.00127559,0.0460729,0.998937,world,
1.73243e+09,8.43543e+08,0.0105641,0.89613,-2.56782e-06,7.88215e-05,-0.00127643,0.0460839,0.998937,world,
1.73243e+09,9.43673e+08,0.0105687,0.896317,-2.53485e-06,7.88336e-05,-0.00127589,0.0460956,0.998936,world,
1.73243e+09,4.36437e+07,0.0105732,0.896504,-2.54309e-06,7.88502e-05,-0.00127505,0.0461075,0.998936,world,
1.73243e+09,1.4459e+08,0.0105779,0.896697,-2.54309e-06,7.88653e-05,-0.00127505,0.0461193,0.998935,world,
1.73243e+09,2.44369e+08,0.0105827,0.896886,-2.66176e-06,3.19298e-05,-0.00127732,0.0461312,0.998935,world,
1.73243e+09,3.44616e+08,0.0105871,0.897078,-2.57759e-06,7.89183e-05,-0.00127559,0.0461424,0.998934,world,
1.73243e+09,4.44777e+08,0.0105917,0.897265,-2.56778e-06,7.89104e-05,-0.00127643,0.0461534,0.998934,world,
1.73243e+09,5.43803e+08,0.0105972,0.897484,-2.65183e-06,3.20758e-05,-0.00127804,0.0461674,0.998933,world,
1.73243e+09,6.44305e+08,0.0106018,0.897677,-2.65182e-06,3.20909e-05,-0.00127804,0.0461793,0.998932,world,
1.73243e+09,7.43733e+08,0.0106069,0.897883,-2.63614e-06,3.20718e-05,-0.00127747,0.046192,0.998932,world,
1.73243e+09,8.44436e+08,0.0106117,0.898082,-2.62671e-06,3.21879e-05,-0.00127826,0.0462039,0.998931,world,
1.73243e+09,9.43552e+08,0.0106165,0.898281,-2.6518e-06,3.21381e-05,-0.00127804,0.0462162,0.998931,world,
1.73243e+09,4.43984e+07,0.0106212,0.898479,-2.57755e-06,7.90277e-05,-0.00127558,0.0462281,0.99893,world,
1.73243e+09,1.43791e+08,0.0106259,0.898672,-2.57754e-06,7.90427e-05,-0.00127558,0.0462398,0.99893,world,
1.73243e+09,2.4467e+08,0.0106303,0.898849,-2.63611e-06,3.21473e-05,-0.00127746,0.046251,0.998929,world,
1.73243e+09,3.43869e+08,0.0106347,0.89903,-2.65178e-06,3.21966e-05,-0.00127804,0.0462619,0.998929,world,
1.73243e+09,4.43708e+08,0.0106394,0.899223,-2.65177e-06,3.22117e-05,-0.00127804,0.0462736,0.998928,world,
1.73243e+09,5.43803e+08,0.0106439,0.899415,-2.56771e-06,7.90781e-05,-0.00127642,0.0462847,0.998927,world,
1.73243e+09,6.4351e+08,0.0106485,0.899602,-2.53474e-06,7.90901e-05,-0.00127588,0.0462963,0.998927,world,
1.73243e+09,7.43777e+08,0.0106532,0.899795,-2.53474e-06,7.91051e-05,-0.00127588,0.0463081,0.998926,world,
1.73243e+09,8.44107e+08,0.010658,0.89999,-2.62664e-06,3.23369e-05,-0.00127826,0.0463202,0.998926,world,
1.73243e+09,9.43813e+08,0.0106626,0.900178,-2.63606e-06,3.22509e-05,-0.00127746,0.046332,0.998925,world,
1.73243e+09,4.39462e+07,0.0106671,0.900369,-2.54297e-06,7.91514e-05,-0.00127503,0.0463434,0.998925,world,
1.73243e+09,1.44459e+08,0.0106718,0.900562,-2.54296e-06,7.91664e-05,-0.00127503,0.0463552,0.998924,world,
1.73243e+09,2.43833e+08,0.0106765,0.900751,-2.66163e-06,3.22314e-05,-0.00127731,0.046367,0.998924,world,
1.73243e+09,3.43549e+08,0.010681,0.900943,-2.57747e-06,7.92193e-05,-0.00127557,0.0463781,0.998923,world,
1.73243e+09,4.43788e+08,0.0106859,0.901138,-2.66162e-06,3.22615e-05,-0.00127731,0.0463904,0.998923,world,
1.73243e+09,5.4377e+08,0.0106906,0.901331,-2.66161e-06,3.22765e-05,-0.00127731,0.0464022,0.998922,world,
1.73243e+09,6.44066e+08,0.0106953,0.901529,-2.54293e-06,7.92414e-05,-0.00127503,0.0464139,0.998921,world,
1.73243e+09,7.43614e+08,0.0106999,0.901712,-2.65168e-06,3.24054e-05,-0.00127804,0.046425,0.998921,world,
1.73243e+09,8.43822e+08,0.0107041,0.901891,-2.54292e-06,7.92695e-05,-0.00127503,0.0464359,0.99892,world,
1.73243e+09,9.43533e+08,0.0107084,0.902062,-2.636e-06,3.23973e-05,-0.00127746,0.0464464,0.99892,world,
1.73243e+09,4.36082e+07,0.0107129,0.902253,-2.54291e-06,7.92975e-05,-0.00127502,0.0464579,0.998919,world,
1.73243e+09,1.4404e+08,0.0107174,0.902441,-2.57742e-06,7.93354e-05,-0.00127556,0.046469,0.998919,world,
1.73243e+09,2.44271e+08,0.0107223,0.90264,-2.5429e-06,7.93274e-05,-0.00127502,0.0464813,0.998918,world,
1.73243e+09,3.44488e+08,0.0107273,0.902841,-2.62654e-06,3.25584e-05,-0.00127826,0.0464933,0.998918,world,
1.73243e+09,4.43709e+08,0.0107323,0.903046,-2.66155e-06,3.24095e-05,-0.00127731,0.0465062,0.998917,world,
1.73243e+09,5.44338e+08,0.0107372,0.903246,-2.63596e-06,3.2489e-05,-0.00127746,0.0465181,0.998917,world,
1.73243e+09,6.44385e+08,0.0107418,0.903443,-2.53462e-06,7.93879e-05,-0.00127586,0.0465295,0.998916,world,
1.73243e+09,7.44055e+08,0.0107467,0.903638,-2.62652e-06,3.26202e-05,-0.00127825,0.0465415,0.998916,world,
1.73243e+09,8.44059e+08,0.0107515,0.903837,-2.65161e-06,3.25702e-05,-0.00127803,0.0465537,0.998915,world,
1.73243e+09,9.43787e+08,0.0107564,0.904037,-2.66152e-06,3.24861e-05,-0.0012773,0.046566,0.998914,world,
1.73243e+09,4.34374e+07,0.0107611,0.904234,-2.54284e-06,7.94505e-05,-0.00127501,0.0465777,0.998914,world,
1.73243e+09,1.43715e+08,0.0107658,0.904423,-2.66151e-06,3.2516e-05,-0.0012773,0.0465894,0.998913,world,
1.73243e+09,2.43751e+08,0.0107703,0.904611,-2.65158e-06,3.263e-05,-0.00127803,0.0466004,0.998913,world,
1.73243e+09,3.44041e+08,0.0107747,0.904796,-2.53457e-06,7.94923e-05,-0.00127585,0.0466112,0.998912,world,
1.73243e+09,4.43546e+08,0.0107789,0.904971,-2.56753e-06,7.95086e-05,-0.00127639,0.0466215,0.998912,world,
1.73243e+09,5.43537e+08,0.0107832,0.905146,-2.57733e-06,7.95443e-05,-0.00127555,0.0466325,0.998911,world,
1.73243e+09,6.43591e+08,0.0107878,0.905334,-2.56752e-06,7.95366e-05,-0.00127639,0.0466434,0.998911,world,
1.73243e+09,7.43773e+08,0.0107924,0.905516,-2.63588e-06,3.26644e-05,-0.00127745,0.0466552,0.99891,world,
1.73243e+09,8.44293e+08,0.0107972,0.90572,-2.56751e-06,7.95663e-05,-0.00127639,0.0466667,0.99891,world,
1.73243e+09,9.4378e+08,0.0108021,0.905915,-2.65154e-06,3.27306e-05,-0.00127803,0.046679,0.998909,world,
1.73243e+09,4.38614e+07,0.0108069,0.906114,-2.66145e-06,3.26464e-05,-0.0012773,0.0466913,0.998909,world,
1.73243e+09,1.43716e+08,0.0108116,0.906312,-2.54278e-06,7.96104e-05,-0.001275,0.0467029,0.998908,world,
1.73243e+09,2.43778e+08,0.0108172,0.906537,-2.62642e-06,3.2844e-05,-0.00127825,0.0467163,0.998907,world,
1.73243e+09,3.43902e+08,0.0108217,0.906729,-2.53451e-06,7.9641e-05,-0.00127584,0.0467276,0.998907,world,
1.73243e+09,4.43635e+08,0.0108265,0.906918,-2.63584e-06,3.27723e-05,-0.00127745,0.0467395,0.998906,world,
1.73243e+09,5.44447e+08,0.0108312,0.907111,-2.63583e-06,3.27872e-05,-0.00127745,0.0467511,0.998906,world,
1.73243e+09,6.44081e+08,0.0108357,0.907302,-2.54275e-06,7.96864e-05,-0.001275,0.0467625,0.998905,world,
1.73243e+09,7.43877e+08,0.0108402,0.90749,-2.57726e-06,7.97243e-05,-0.00127554,0.0467735,0.998905,world,
1.73243e+09,8.43732e+08,0.0108449,0.907683,-2.57725e-06,7.97391e-05,-0.00127554,0.0467851,0.998904,world,
1.73243e+09,9.4421e+08,0.0108497,0.907872,-2.65147e-06,3.28812e-05,-0.00127802,0.0467966,0.998904,world,
1.73243e+09,4.38839e+07,0.0108542,0.908059,-2.62636e-06,3.2961e-05,-0.00127825,0.0468077,0.998903,world,
1.73243e+09,1.43877e+08,0.0108589,0.908252,-2.62636e-06,3.29758e-05,-0.00127825,0.0468193,0.998903,world,
1.73243e+09,2.44249e+08,0.0108633,0.908438,-2.54271e-06,7.97734e-05,-0.00127499,0.0468306,0.998902,world,
1.73243e+09,3.43577e+08,0.0108681,0.908627,-2.66136e-06,3.28394e-05,-0.0012773,0.0468422,0.998901,world,
1.73243e+09,4.44225e+08,0.0108728,0.90882,-2.66136e-06,3.28542e-05,-0.00127729,0.0468538,0.998901,world,
1.73243e+09,5.43749e+08,0.0108771,0.909006,-2.5674e-06,7.98185e-05,-0.00127637,0.046864,0.9989,world,
1.73243e+09,6.43699e+08,0.0108818,0.909199,-2.5674e-06,7.98333e-05,-0.00127637,0.0468755,0.9989,world,
1.73243e+09,7.4438e+08,0.0108864,0.909386,-2.53442e-06,7.98446e-05,-0.00127583,0.0468869,0.998899,world,
1.73243e+09,8.44018e+08,0.010891,0.909569,-2.66133e-06,3.29115e-05,-0.00127729,0.0468986,0.998899,world,
1.73243e+09,9.44501e+08,0.0108957,0.909762,-2.66133e-06,3.29263e-05,-0.00127729,0.0469101,0.998898,world,
1.73243e+09,4.35961e+07,0.0108994,0.909924,-2.56738e-06,7.98887e-05,-0.00127637,0.0469189,0.998898,world,
1.73243e+09,1.44072e+08,0.010904,0.910111,-2.5344e-06,7.98999e-05,-0.00127583,0.0469303,0.998897,world,
1.73243e+09,2.44132e+08,0.0109086,0.910294,-2.66131e-06,3.29669e-05,-0.00127729,0.0469419,0.998897,world,
1.73243e+09,3.4448e+08,0.0109133,0.910487,-2.6613e-06,3.29817e-05,-0.00127729,0.0469534,0.998896,world,
1.73243e+09,4.44012e+08,0.010918,0.910685,-2.54264e-06,7.99449e-05,-0.00127498,0.046965,0.998896,world,
1.73243e+09,5.44948e+08,0.0109227,0.910878,-2.54263e-06,7.99596e-05,-0.00127498,0.0469765,0.998895,world,
1.73243e+09,6.44484e+08,0.010928,0.911091,-2.66128e-06,3.30278e-05,-0.00127729,0.0469895,0.998895,world,
1.73243e+09,7.43821e+08,0.010933,0.911301,-2.56733e-06,7.99937e-05,-0.00127636,0.0470011,0.998894,world,
1.73243e+09,8.44674e+08,0.0109378,0.9115,-2.57713e-06,8.00307e-05,-0.00127552,0.0470134,0.998893,world,
1.73243e+09,9.44023e+08,0.0109427,0.911695,-2.66126e-06,3.30738e-05,-0.00127729,0.0470255,0.998893,world,
1.73243e+09,4.36806e+07,0.0109474,0.911892,-2.5426e-06,8.00369e-05,-0.00127498,0.047037,0.998892,world,
1.73243e+09,1.43923e+08,0.010952,0.912075,-2.65133e-06,3.32027e-05,-0.00127802,0.0470478,0.998892,world,
1.73243e+09,2.43607e+08,0.0109566,0.912263,-2.62622e-06,3.32825e-05,-0.00127824,0.0470588,0.998891,world,
1.73243e+09,3.4412e+08,0.0109613,0.912456,-2.62621e-06,3.32972e-05,-0.00127824,0.0470703,0.998891,world,
1.73243e+09,4.44e+08,0.0109656,0.912641,-2.54258e-06,8.00938e-05,-0.00127497,0.0470815,0.99889,world,
1.73243e+09,5.43465e+08,0.0109704,0.91283,-2.66122e-06,3.31603e-05,-0.00127729,0.047093,0.99889,world,
1.73243e+09,6.43967e+08,0.0109749,0.913022,-2.57709e-06,8.01464e-05,-0.00127551,0.0471039,0.998889,world,
1.73243e+09,7.43769e+08,0.0109796,0.913215,-2.57708e-06,8.0161e-05,-0.00127551,0.0471154,0.998889,world,
1.73243e+09,8.43779e+08,0.0109842,0.913398,-2.62618e-06,3.33689e-05,-0.00127824,0.0471263,0.998888,world,
1.73243e+09,9.4377e+08,0.0109886,0.913584,-2.54255e-06,8.01652e-05,-0.00127497,0.0471375,0.998888,world,
1.73243e+09,4.35322e+07,0.0109932,0.913767,-2.65127e-06,3.33314e-05,-0.00127801,0.0471483,0.998887,world,
1.73243e+09,1.43647e+08,0.0109961,0.913892,-2.57706e-06,8.02123e-05,-0.00127551,0.0471556,0.998887,world,
1.73243e+09,2.44437e+08,0.0110006,0.914079,-2.56724e-06,8.02049e-05,-0.00127635,0.0471663,0.998886,world,
1.73243e+09,3.44081e+08,0.0110057,0.91428,-2.66117e-06,3.32704e-05,-0.00127728,0.0471791,0.998886,world,
1.73243e+09,4.43833e+08,0.0110105,0.914484,-2.53426e-06,8.02324e-05,-0.00127581,0.0471905,0.998885,world,
1.73243e+09,5.44506e+08,0.0110153,0.914683,-2.56722e-06,8.02506e-05,-0.00127635,0.0472021,0.998885,world,
1.73243e+09,6.44367e+08,0.0110202,0.914882,-2.57703e-06,8.02873e-05,-0.0012755,0.0472143,0.998884,world,
1.73243e+09,7.44655e+08,0.0110251,0.915077,-2.66115e-06,3.33308e-05,-0.00127728,0.0472263,0.998883,world,
1.73243e+09,8.44443e+08,0.0110299,0.915281,-2.53423e-06,8.02927e-05,-0.0012758,0.0472377,0.998883,world,
1.73243e+09,9.44186e+08,0.0110348,0.915476,-2.62611e-06,3.35266e-05,-0.00127823,0.0472495,0.998882,world,
1.73243e+09,4.45401e+07,0.0110395,0.915673,-2.56719e-06,8.03256e-05,-0.00127634,0.0472607,0.998882,world,
1.73243e+09,1.44011e+08,0.0110443,0.915873,-2.577e-06,8.03622e-05,-0.0012755,0.0472729,0.998881,world,
1.73243e+09,2.43802e+08,0.0110492,0.916072,-2.54247e-06,8.03534e-05,-0.00127496,0.0472849,0.998881,world,
1.73243e+09,3.44128e+08,0.0110542,0.916277,-2.56717e-06,8.03712e-05,-0.00127634,0.0472964,0.99888,world,
1.73243e+09,4.43431e+08,0.0110585,0.916453,-2.57698e-06,8.04059e-05,-0.0012755,0.0473072,0.99888,world,
1.73243e+09,5.44269e+08,0.0110632,0.916646,-2.57697e-06,8.04205e-05,-0.00127549,0.0473186,0.998879,world,
1.73243e+09,6.44233e+08,0.0110679,0.916839,-2.57697e-06,8.04351e-05,-0.00127549,0.04733,0.998878,world,
1.73243e+09,7.44175e+08,0.0110723,0.91702,-2.53417e-06,8.0424e-05,-0.0012758,0.0473405,0.998878,world,
1.73243e+09,8.44264e+08,0.011077,0.917214,-2.53417e-06,8.04386e-05,-0.00127579,0.0473519,0.998877,world,
1.73243e+09,9.44129e+08,0.0110816,0.917401,-2.54242e-06,8.04535e-05,-0.00127495,0.0473633,0.998877,world,
1.73243e+09,4.39836e+07,0.0110863,0.91759,-2.66106e-06,3.35207e-05,-0.00127728,0.0473747,0.998876,world,
1.73243e+09,1.43941e+08,0.011091,0.917783,-2.66106e-06,3.35352e-05,-0.00127728,0.0473861,0.998876,world,
1.73243e+09,2.43839e+08,0.0110956,0.917975,-2.57693e-06,8.05206e-05,-0.00127549,0.0473969,0.998875,world,
1.73243e+09,3.43749e+08,0.0111,0.918156,-2.53414e-06,8.05095e-05,-0.00127579,0.0474074,0.998875,world,
1.73243e+09,4.43682e+08,0.0111047,0.918345,-2.63545e-06,3.36418e-05,-0.00127743,0.0474191,0.998874,world,
1.73243e+09,5.43552e+08,0.0111095,0.918538,-2.63544e-06,3.36563e-05,-0.00127743,0.0474305,0.998874,world,
1.73243e+09,6.44182e+08,0.011114,0.918729,-2.54238e-06,8.05534e-05,-0.00127494,0.0474416,0.998873,world,
1.73243e+09,7.43921e+08,0.0111195,0.918959,-2.56708e-06,8.05732e-05,-0.00127633,0.0474544,0.998873,world,
1.73243e+09,8.44094e+08,0.0111246,0.91916,-2.66101e-06,3.36389e-05,-0.00127727,0.0474672,0.998872,world,
1.73243e+09,9.44084e+08,0.0111294,0.919364,-2.5341e-06,8.06003e-05,-0.00127578,0.0474784,0.998871,world,
1.73243e+09,4.36836e+07,0.0111345,0.919565,-2.65107e-06,3.37696e-05,-0.001278,0.0474906,0.998871,world,
1.73243e+09,1.43488e+08,0.0111391,0.919762,-2.57687e-06,8.06549e-05,-0.00127548,0.047502,0.99887,world,
1.73243e+09,2.43514e+08,0.0111439,0.919956,-2.57687e-06,8.06693e-05,-0.00127548,0.0475134,0.99887,world,
1.73243e+09,3.43679e+08,0.011148,0.92012,-2.65105e-06,3.38113e-05,-0.001278,0.0475232,0.998869,world,
1.73243e+09,4.43651e+08,0.0111525,0.920302,-2.63538e-06,3.37888e-05,-0.00127742,0.0475341,0.998869,world,
1.73243e+09,5.43865e+08,0.0111572,0.920495,-2.63538e-06,3.38033e-05,-0.00127742,0.0475454,0.998868,world,
1.73243e+09,6.43928e+08,0.0111619,0.920688,-2.63537e-06,3.38178e-05,-0.00127742,0.0475567,0.998868,world,
1.73243e+09,7.43712e+08,0.0111666,0.920881,-2.63537e-06,3.38323e-05,-0.00127742,0.047568,0.998867,world,
1.73243e+09,8.43492e+08,0.011171,0.921067,-2.57683e-06,8.07526e-05,-0.00127547,0.0475785,0.998867,world,
1.73243e+09,9.43448e+08,0.0111757,0.921256,-2.65102e-06,3.38965e-05,-0.001278,0.0475898,0.998866,world,
1.73243e+09,4.37807e+07,0.0111802,0.921448,-2.56701e-06,8.07597e-05,-0.00127631,0.0476004,0.998866,world,
1.73243e+09,1.43636e+08,0.0111844,0.921612,-2.6259e-06,3.39888e-05,-0.00127822,0.0476105,0.998865,world,
1.73243e+09,2.44305e+08,0.0111888,0.921798,-2.54229e-06,8.07832e-05,-0.00127493,0.0476215,0.998865,world,
1.73243e+09,3.43812e+08,0.011194,0.922005,-2.65099e-06,3.39526e-05,-0.001278,0.0476336,0.998864,world,
1.73243e+09,4.43865e+08,0.0111986,0.922202,-2.5768e-06,8.08374e-05,-0.00127547,0.047645,0.998864,world,
1.73243e+09,5.44361e+08,0.0112036,0.922397,-2.6609e-06,3.38816e-05,-0.00127727,0.0476568,0.998863,world,
1.73243e+09,6.44334e+08,0.0112084,0.922597,-2.63531e-06,3.39607e-05,-0.00127742,0.0476684,0.998862,world,
1.73243e+09,7.43538e+08,0.0112128,0.922782,-2.57678e-06,8.08807e-05,-0.00127547,0.0476788,0.998862,world,
1.73243e+09,8.43425e+08,0.0112171,0.922957,-2.54225e-06,8.08697e-05,-0.00127492,0.0476893,0.998861,world,
1.73243e+09,9.43609e+08,0.0112215,0.923134,-2.62584e-06,3.41027e-05,-0.00127822,0.0476994,0.998861,world,
1.73243e+09,4.35336e+07,0.011226,0.923315,-2.66087e-06,3.39501e-05,-0.00127727,0.0477104,0.99886,world,
1.73243e+09,1.44011e+08,0.0112305,0.923507,-2.57676e-06,8.09347e-05,-0.00127546,0.0477211,0.99886,world,
1.73243e+09,2.43696e+08,0.0112349,0.923688,-2.53396e-06,8.09235e-05,-0.00127576,0.0477315,0.998859,world,
1.73243e+09,3.44086e+08,0.0112395,0.923871,-2.66085e-06,3.39916e-05,-0.00127727,0.0477428,0.998859,world,
1.73243e+09,4.44132e+08,0.0112442,0.924069,-2.54221e-06,8.09524e-05,-0.00127492,0.0477541,0.998858,world,
1.73243e+09,5.44531e+08,0.0112492,0.92427,-2.62581e-06,3.41874e-05,-0.00127821,0.0477656,0.998858,world,
1.73243e+09,6.43869e+08,0.011254,0.924463,-2.6258e-06,3.42018e-05,-0.00127821,0.0477768,0.998857,world,
1.73243e+09,7.43643e+08,0.0112596,0.924693,-2.66083e-06,3.40528e-05,-0.00127726,0.0477907,0.998857,world,
1.73243e+09,8.44535e+08,0.0112643,0.924886,-2.66082e-06,3.40671e-05,-0.00127726,0.0478019,0.998856,world,
1.73243e+09,9.44051e+08,0.0112691,0.925085,-2.63522e-06,3.41462e-05,-0.00127741,0.0478134,0.998855,world,
1.73243e+09,4.37168e+07,0.011274,0.925285,-2.62577e-06,3.4263e-05,-0.00127821,0.0478246,0.998855,world,
1.73243e+09,1.43387e+08,0.0112786,0.925482,-2.56688e-06,8.10604e-05,-0.00127629,0.0478356,0.998854,world,
1.73243e+09,2.43833e+08,0.0112835,0.925681,-2.57669e-06,8.10963e-05,-0.00127545,0.0478476,0.998854,world,
1.73243e+09,3.44251e+08,0.0112881,0.925869,-2.56686e-06,8.10891e-05,-0.00127629,0.0478581,0.998853,world,
1.73243e+09,4.43803e+08,0.0112924,0.926044,-2.57668e-06,8.11232e-05,-0.00127545,0.0478687,0.998853,world,
1.73243e+09,5.44121e+08,0.0112968,0.926225,-2.53389e-06,8.1112e-05,-0.00127575,0.047879,0.998852,world,
1.73243e+09,6.44497e+08,0.0113014,0.926412,-2.54215e-06,8.11263e-05,-0.00127491,0.0478903,0.998852,world,
1.73243e+09,7.43556e+08,0.0113059,0.9266,-2.57666e-06,8.11644e-05,-0.00127545,0.0479009,0.998851,world,
1.73243e+09,8.43867e+08,0.0113104,0.926781,-2.53388e-06,8.11532e-05,-0.00127575,0.0479112,0.998851,world,
1.73243e+09,9.43528e+08,0.0113148,0.926958,-2.65083e-06,3.43216e-05,-0.00127799,0.0479219,0.99885,world,
1.73243e+09,4.35009e+07,0.0113191,0.927137,-2.54214e-06,8.118e-05,-0.00127491,0.0479323,0.99885,world,
1.73243e+09,1.43562e+08,0.0113235,0.927318,-2.56683e-06,8.11966e-05,-0.00127629,0.0479422,0.998849,world,
1.73243e+09,2.43683e+08,0.0113281,0.927506,-2.53387e-06,8.12069e-05,-0.00127575,0.0479532,0.998849,world,
1.73243e+09,3.43689e+08,0.0113327,0.927688,-2.66073e-06,3.42752e-05,-0.00127726,0.0479645,0.998848,world,
1.73243e+09,4.44126e+08,0.011337,0.927874,-2.56681e-06,8.12378e-05,-0.00127628,0.0479743,0.998848,world,
1.73243e+09,5.44041e+08,0.011342,0.928069,-2.65079e-06,3.44039e-05,-0.00127798,0.0479862,0.998847,world,
1.73243e+09,6.44316e+08,0.0113468,0.928273,-2.54212e-06,8.12639e-05,-0.0012749,0.0479981,0.998847,world,
1.73243e+09,7.43961e+08,0.0113519,0.928474,-2.62571e-06,3.44995e-05,-0.00127821,0.0480095,0.998846,world,
1.73243e+09,8.4432e+08,0.0113567,0.928673,-2.65078e-06,3.44486e-05,-0.00127798,0.0480212,0.998846,world,
1.73243e+09,9.43754e+08,0.0113606,0.92884,-2.56679e-06,8.13093e-05,-0.00127628,0.0480303,0.998845,world,
1.73243e+09,4.3616e+07,0.0113651,0.929022,-2.54211e-06,8.13192e-05,-0.0012749,0.0480414,0.998845,world,
1.73243e+09,1.43837e+08,0.0113696,0.929199,-2.62569e-06,3.45531e-05,-0.0012782,0.0480514,0.998844,world,
1.73243e+09,2.43866e+08,0.0113737,0.929368,-2.62569e-06,3.45656e-05,-0.0012782,0.0480612,0.998844,world,
1.73243e+09,3.43824e+08,0.0113781,0.929549,-2.66066e-06,3.44129e-05,-0.00127726,0.0480721,0.998843,world,
1.73243e+09,4.43612e+08,0.0113825,0.929734,-2.56677e-06,8.13753e-05,-0.00127627,0.0480819,0.998843,world,
1.73243e+09,5.44345e+08,0.0113871,0.929922,-2.53385e-06,8.13854e-05,-0.00127574,0.0480929,0.998842,world,
1.73243e+09,6.44909e+08,0.0113919,0.930111,-2.63512e-06,3.45185e-05,-0.0012774,0.0481044,0.998841,world,
1.73243e+09,7.44309e+08,0.0113967,0.93031,-2.62567e-06,3.46352e-05,-0.0012782,0.0481156,0.998841,world,
1.73243e+09,8.44189e+08,0.0114014,0.930508,-2.56675e-06,8.14323e-05,-0.00127627,0.0481265,0.99884,world,
1.73243e+09,9.44228e+08,0.0114063,0.930707,-2.57654e-06,8.14678e-05,-0.00127543,0.0481384,0.99884,world,
1.73243e+09,4.41979e+07,0.0114112,0.930902,-2.66062e-06,3.45127e-05,-0.00127725,0.0481502,0.998839,world,
1.73243e+09,1.43731e+08,0.0114159,0.931099,-2.54207e-06,8.14723e-05,-0.00127489,0.0481613,0.998839,world,
1.73243e+09,2.44005e+08,0.0114206,0.931288,-2.6606e-06,3.45412e-05,-0.00127725,0.0481724,0.998838,world,
1.73243e+09,3.4399e+08,0.0114251,0.93147,-2.62565e-06,3.47207e-05,-0.0012782,0.0481824,0.998838,world,
1.73243e+09,4.43525e+08,0.0114293,0.931649,-2.57652e-06,8.15372e-05,-0.00127542,0.0481927,0.998837,world,
1.73243e+09,5.44107e+08,0.0114339,0.931836,-2.56671e-06,8.15302e-05,-0.00127626,0.0482031,0.998837,world,
1.73243e+09,6.44149e+08,0.0114379,0.931995,-2.63508e-06,3.46574e-05,-0.0012774,0.048213,0.998836,world,
1.73243e+09,7.4417e+08,0.011442,0.932169,-2.53382e-06,8.15509e-05,-0.00127572,0.0482224,0.998836,world,
1.73243e+09,8.43667e+08,0.0114465,0.932345,-2.65066e-06,3.47196e-05,-0.00127798,0.0482329,0.998835,world,
1.73243e+09,9.43527e+08,0.0114511,0.932533,-2.62563e-06,3.47989e-05,-0.0012782,0.0482436,0.998835,world,
1.73243e+09,4.44426e+07,0.0114555,0.932718,-2.54204e-06,8.15913e-05,-0.00127488,0.0482544,0.998834,world,
1.73243e+09,1.43906e+08,0.0114605,0.932919,-2.62562e-06,3.48274e-05,-0.0012782,0.0482658,0.998834,world,
1.73243e+09,2.43959e+08,0.0114653,0.933123,-2.57647e-06,8.16454e-05,-0.00127542,0.0482775,0.998833,world,
1.73243e+09,3.43551e+08,0.0114702,0.933322,-2.54203e-06,8.16356e-05,-0.00127488,0.0482891,0.998833,world,
1.73243e+09,4.4428e+08,0.0114751,0.933517,-2.63505e-06,3.47693e-05,-0.0012774,0.0483005,0.998832,world,
1.73243e+09,5.446e+08,0.0114798,0.933715,-2.5338e-06,8.16644e-05,-0.00127572,0.0483112,0.998832,world,
1.73243e+09,6.4389e+08,0.0114845,0.933908,-2.5338e-06,8.16786e-05,-0.00127572,0.0483223,0.998831,world,
1.73243e+09,7.43664e+08,0.0114888,0.934083,-2.56665e-06,8.16953e-05,-0.00127625,0.0483322,0.99883,world,
1.73243e+09,8.43524e+08,0.0114931,0.934254,-2.65061e-06,3.48598e-05,-0.00127797,0.0483426,0.99883,world,
1.73243e+09,9.43874e+08,0.0114977,0.934441,-2.62559e-06,3.49391e-05,-0.00127819,0.0483532,0.998829,world,
1.73243e+09,4.39111e+07,0.011502,0.934621,-2.57643e-06,8.17552e-05,-0.00127541,0.0483634,0.998829,world,
1.73243e+09,1.43432e+08,0.0115066,0.934804,-2.62558e-06,3.49657e-05,-0.00127819,0.0483739,0.998828,world,
1.73243e+09,2.44076e+08,0.0115111,0.934995,-2.53379e-06,8.17582e-05,-0.00127571,0.0483847,0.998828,world,
1.73243e+09,3.4432e+08,0.0115158,0.935178,-2.66048e-06,3.48271e-05,-0.00127725,0.0483958,0.998827,world,
1.73243e+09,4.44322e+08,0.0117081,0.935379,-1.6669e-06,3.62637e-05,-0.00125414,0.0484236,0.998826,world,
1.73243e+09,5.44345e+08,0.0150243,0.935857,-1.59643e-06,8.15061e-05,-0.00125034,0.0485446,0.99882,world,
1.73243e+09,6.43714e+08,0.0213573,0.936641,-1.8151e-06,7.96391e-05,-0.00122014,0.0486324,0.998816,world,
1.73243e+09,7.4405e+08,0.0278763,0.93746,-1.88576e-06,7.98962e-05,-0.00122654,0.0486937,0.998813,world,
1.73243e+09,8.44021e+08,0.0347011,0.938316,-1.99063e-06,3.70451e-05,-0.00127945,0.0487595,0.99881,world,
1.73243e+09,9.44279e+08,0.0412164,0.939134,-1.28423e-06,3.94396e-05,-0.00126234,0.0488594,0.998805,world,
1.73243e+09,4.41381e+07,0.0478357,0.939968,-1.52576e-06,7.97542e-05,-0.00125923,0.0489373,0.998801,world,
1.73243e+09,1.44397e+08,0.0544513,0.940798,-1.90819e-06,3.46722e-05,-0.00123283,0.0490543,0.998795,world,
1.73243e+09,2.43411e+08,0.0610703,0.941635,-1.82764e-06,7.86429e-05,-0.00118761,0.0491127,0.998793,world,
1.73243e+09,3.43635e+08,0.0676921,0.942472,-1.9994e-06,3.39459e-05,-0.00120878,0.0491701,0.99879,world,
1.73243e+09,4.43858e+08,0.0743112,0.943312,-1.83695e-06,8.18984e-05,-0.00127938,0.0492716,0.998785,world,
1.73243e+09,5.43697e+08,0.0806221,0.94411,-1.32059e-06,7.94271e-05,-0.00126124,0.0493835,0.998779,world,
1.73243e+09,6.43525e+08,0.0865218,0.944856,-1.79708e-06,8.10781e-05,-0.00122443,0.0494982,0.998773,world,
1.73243e+09,7.44172e+08,0.0927321,0.945644,-1.85847e-06,3.47607e-05,-0.00122084,0.0495923,0.998769,world,
1.73243e+09,8.43472e+08,0.0990438,0.946448,-1.88914e-06,3.4528e-05,-0.00121146,0.0496888,0.998764,world,
1.73243e+09,9.43649e+08,0.105134,0.947225,-1.86423e-06,3.31503e-05,-0.00117738,0.0500462,0.998746,world,
1.73243e+09,4.3614e+07,0.111194,0.948067,-1.93871e-06,9.11354e-05,-0.00127293,0.0557174,0.998446,world,
1.73243e+09,1.43808e+08,0.117381,0.949007,-1.93293e-06,9.82503e-05,-0.00125849,0.0619702,0.998077,world,
1.73243e+09,2.4346e+08,0.123454,0.950008,-2.11335e-06,5.69731e-05,-0.00120864,0.0680782,0.997679,world,
1.73243e+09,3.4374e+08,0.129616,0.951102,-2.14286e-06,6.34197e-05,-0.00119264,0.0743156,0.997234,world,
1.73243e+09,4.43565e+08,0.135665,0.952255,-2.10103e-06,0.000118352,-0.00122051,0.0804485,0.996758,world,
1.73243e+09,5.43697e+08,0.141799,0.953501,-2.05989e-06,0.000121838,-0.00117097,0.086688,0.996235,world,
1.73243e+09,6.43757e+08,0.147952,0.954754,-1.92894e-06,7.48833e-05,-0.00116709,0.0858648,0.996306,world,
1.73243e+09,7.43913e+08,0.154205,0.955984,-1.83715e-06,0.000117493,-0.00121578,0.0797108,0.996817,world,
1.73243e+09,8.44183e+08,0.161508,0.957318,-2.07481e-06,6.46175e-05,-0.00123961,0.0724909,0.997368,world,
1.73243e+09,9.43686e+08,0.168409,0.958477,-1.43146e-06,0.000100265,-0.00125893,0.0657445,0.997836,world,
1.73243e+09,4.38694e+07,0.175426,0.959553,-1.82511e-06,9.10919e-05,-0.00119961,0.0588957,0.998263,world,
1.73243e+09,1.43636e+08,0.182154,0.960495,-1.90656e-06,3.75449e-05,-0.00120771,0.0522579,0.998633,world,
1.73243e+09,2.43829e+08,0.188996,0.96136,-1.93027e-06,2.92271e-05,-0.00120359,0.0455568,0.998961,world,
1.73243e+09,3.43666e+08,0.194497,0.961988,-1.82214e-06,6.84682e-05,-0.00119518,0.0401787,0.999192,world,
1.73243e+09,4.43938e+08,0.200741,0.962632,-1.41274e-06,6.02152e-05,-0.00126182,0.0340647,0.999419,world,
1.73243e+09,5.43697e+08,0.206777,0.963178,-7.93575e-07,5.03975e-05,-0.00127276,0.0281648,0.999602,world,
1.73243e+09,6.44452e+08,0.213238,0.963682,-1.98363e-06,4.69226e-05,-0.00123795,0.0218369,0.999761,world,
1.73243e+09,7.44093e+08,0.219593,0.964093,-1.85207e-06,-5.08706e-06,-0.00124343,0.0156918,0.999876,world,
1.73243e+09,8.43599e+08,0.225856,0.964428,-1.54626e-06,-1.08203e-05,-0.00127101,0.00960972,0.999953,world,
1.73243e+09,9.43729e+08,0.23275,0.964707,-1.47514e-06,-1.9071e-05,-0.00127117,0.00290542,0.999995,world,
1.73243e+09,4.38419e+07,0.239535,0.964887,-1.84145e-06,1.5849e-05,-0.00122853,-0.00362921,0.999993,world,
1.73243e+09,1.44172e+08,0.246955,0.964982,-1.89607e-06,-3.85337e-05,-0.00118642,-0.0108606,0.99994,world,
1.73243e+09,2.43741e+08,0.254381,0.964979,-1.97403e-06,-2.32117e-06,-0.00122923,-0.0180745,0.999836,world,
1.73243e+09,3.43653e+08,0.260441,0.964891,-1.93356e-06,-9.54328e-06,-0.00123316,-0.0239152,0.999713,world,
1.73243e+09,4.43429e+08,0.2665,0.964734,-1.94792e-06,-1.79818e-05,-0.00127297,-0.0297611,0.999556,world,
1.73243e+09,5.4349e+08,0.272663,0.964497,-2.04416e-06,-6.83207e-05,-0.00119808,-0.0357335,0.999361,world,
1.73243e+09,6.43944e+08,0.278714,0.964193,-1.90665e-06,-7.63813e-05,-0.00121723,-0.041587,0.999134,world,
1.73243e+09,7.43506e+08,0.284974,0.963806,-1.90913e-06,-8.38685e-05,-0.00121933,-0.04763,0.998864,world,
1.73243e+09,8.43664e+08,0.291124,0.963351,-1.75014e-06,-4.38277e-05,-0.00120016,-0.0536152,0.998561,world,
1.73243e+09,9.44598e+08,0.297686,0.962784,-1.88904e-06,-9.89475e-05,-0.00121725,-0.0599533,0.9982,world,
1.73243e+09,4.39302e+07,0.304137,0.962144,-1.85979e-06,-0.00010637,-0.00121321,-0.0662126,0.997805,world,
1.73243e+09,1.44078e+08,0.310266,0.961461,-1.78618e-06,-6.6583e-05,-0.00120273,-0.0721373,0.997394,world,
1.73243e+09,2.44034e+08,0.317218,0.960594,-1.84266e-06,-0.000120375,-0.00119492,-0.0789181,0.99688,world,
1.73243e+09,3.44006e+08,0.324261,0.959621,-1.89249e-06,-0.000129924,-0.00120961,-0.085768,0.996314,world,
1.73243e+09,4.43489e+08,0.330981,0.958602,-1.90821e-06,-9.203e-05,-0.00120935,-0.0923159,0.995729,world,
1.73243e+09,5.44193e+08,0.337893,0.957456,-2.02896e-06,-0.000148445,-0.00123438,-0.0990349,0.995083,world,
1.73243e+09,6.43763e+08,0.344681,0.956234,-1.99691e-06,-0.000156944,-0.00123293,-0.105606,0.994407,world,
1.73243e+09,7.43754e+08,0.351456,0.954922,-1.85687e-06,-0.000161676,-0.00120175,-0.112227,0.993682,world,
1.73243e+09,8.43589e+08,0.357195,0.953743,-1.32002e-06,-0.000170748,-0.00125167,-0.11787,0.993028,world,
1.73243e+09,9.43559e+08,0.363224,0.952429,-1.96003e-06,-0.000135474,-0.00124651,-0.123788,0.992308,world,
1.73243e+09,4.36488e+07,0.36954,0.950969,-1.94848e-06,-0.000140692,-0.00122626,-0.129988,0.991515,world,
1.73243e+09,1.43616e+08,0.375531,0.949504,-2.00918e-06,-0.000191274,-0.00120722,-0.135855,0.990728,world,
1.73243e+09,2.43842e+08,0.381708,0.947916,-1.86361e-06,-0.000151452,-0.00119748,-0.141938,0.989875,world,
1.73243e+09,3.4415e+08,0.387764,0.94628,-1.79671e-06,-0.00015996,-0.00120623,-0.147892,0.989003,world,
1.73243e+09,4.44083e+08,0.393499,0.94466,-1.95381e-06,-0.000212934,-0.00120361,-0.153555,0.988139,world,
1.73243e+09,5.43619e+08,0.399617,0.942863,-1.92806e-06,-0.000179541,-0.00123509,-0.159642,0.987174,world,
1.73243e+09,6.44337e+08,0.405812,0.940962,-1.9714e-06,-0.000185453,-0.00122266,-0.16584,0.986152,world,
1.73243e+09,7.43346e+08,0.411483,0.93915,-2.08255e-06,-0.000235244,-0.00120305,-0.171548,0.985175,world,
1.73243e+09,8.43858e+08,0.418421,0.93683,-1.52218e-06,-0.000249488,-0.00124642,-0.178548,0.98393,world,
1.73243e+09,9.43902e+08,0.424825,0.934613,-2.13669e-06,-0.000209549,-0.00121772,-0.185107,0.982718,world,
1.73243e+09,4.36057e+07,0.431496,0.932162,-1.69843e-06,-0.000210873,-0.00118658,-0.19184,0.981425,world,
1.73243e+09,1.43656e+08,0.437941,0.929696,-1.75368e-06,-0.00022008,-0.00119155,-0.19837,0.980126,world,
1.73243e+09,2.43696e+08,0.444354,0.927162,-2.14395e-06,-0.000232253,-0.00120457,-0.204953,0.978771,world,
1.73243e+09,3.43427e+08,0.45054,0.924627,-2.10298e-06,-0.00024176,-0.00121119,-0.211338,0.977412,world,
1.73243e+09,4.43633e+08,0.454768,0.922851,-2.12753e-06,-0.000242905,-0.0011902,-0.21575,0.976448,world,
1.73243e+09,5.43489e+08,0.459851,0.920636,-2.08418e-06,-0.000305926,-0.00123507,-0.221033,0.975266,world,
1.73243e+09,6.43684e+08,0.465751,0.918007,-2.21381e-06,-0.000301876,-0.00118307,-0.227225,0.973841,world,
1.73243e+09,7.44321e+08,0.471435,0.915384,-2.18667e-06,-0.00031098,-0.00118866,-0.233204,0.972427,world,
1.73243e+09,8.43776e+08,0.477558,0.912457,-2.06896e-06,-0.000276399,-0.00120183,-0.239686,0.97085,world,
1.73243e+09,9.43751e+08,0.483826,0.909359,-1.94767e-06,-0.00033243,-0.00120884,-0.246332,0.969185,world,
1.73243e+09,4.39944e+07,0.489955,0.906227,-2.16455e-06,-0.000333105,-0.00117466,-0.25287,0.9675,world,
1.73243e+09,1.43727e+08,0.496045,0.903008,-2.15203e-06,-0.000340275,-0.00116894,-0.259499,0.965743,world,
1.73243e+09,2.43587e+08,0.501999,0.899758,-2.05063e-06,-0.000302447,-0.00117042,-0.26597,0.963981,world,
1.73243e+09,3.4367e+08,0.508816,0.895902,-2.10068e-06,-0.000365211,-0.0011919,-0.273463,0.961882,world,
1.73243e+09,4.43576e+08,0.513861,0.892961,-2.1243e-06,-0.000372537,-0.00119147,-0.279015,0.960286,world,
1.73243e+09,5.43705e+08,0.519323,0.889687,-2.05778e-06,-0.000345943,-0.00123143,-0.284991,0.958529,world,
1.73243e+09,6.43417e+08,0.524737,0.886347,-1.60541e-06,-0.000389027,-0.00119943,-0.291028,0.956714,world,
1.73243e+09,7.44081e+08,0.530115,0.882935,-1.99945e-06,-0.000360328,-0.00122478,-0.297071,0.954854,world,
1.73243e+09,8.43521e+08,0.535268,0.879574,-1.5756e-06,-0.000406994,-0.001204,-0.302866,0.953032,world,
1.73243e+09,9.43537e+08,0.540553,0.876036,-2.06346e-06,-0.000360094,-0.00117251,-0.308796,0.951127,world,
1.73243e+09,4.36121e+07,0.545714,0.872484,-1.64833e-06,-0.000377008,-0.00119429,-0.314654,0.949205,world,
1.73243e+09,1.44044e+08,0.550993,0.868754,-2.04529e-06,-0.000371579,-0.0011591,-0.320669,0.94719,world,
1.73243e+09,2.44109e+08,0.556312,0.86489,-2.12828e-06,-0.000409848,-0.00110781,-0.326805,0.945091,world,
1.73243e+09,3.43912e+08,0.561832,0.860767,-2.10996e-06,-0.000429981,-0.00114087,-0.333164,0.942868,world,
1.73243e+09,4.44417e+08,0.567329,0.856567,-1.96825e-06,-0.000389073,-0.00115078,-0.335743,0.941953,world,
1.73243e+09,5.44056e+08,0.572618,0.852511,-2.04521e-06,-0.00044209,-0.00116471,-0.335715,0.941963,world,
1.73243e+09,6.43989e+08,0.577821,0.848524,-1.95581e-06,-0.000440017,-0.00116122,-0.335708,0.941965,world,
1.73243e+09,7.43957e+08,0.583027,0.844535,-2.08671e-06,-0.000431544,-0.00113548,-0.335687,0.941973,world,
1.73243e+09,8.43563e+08,0.588317,0.840483,-1.97352e-06,-0.000390713,-0.00115574,-0.335649,0.941986,world,
1.73243e+09,9.44364e+08,0.593525,0.836491,-1.95701e-06,-0.000404684,-0.00119491,-0.335664,0.941981,world,
1.73243e+09,4.40996e+07,0.598325,0.832811,-2.05439e-06,-0.000437868,-0.00115304,-0.335683,0.941974,world,
1.73243e+09,1.43589e+08,0.603289,0.829009,-1.95394e-06,-0.000403947,-0.0011929,-0.335652,0.941985,world,
1.73243e+09,2.43627e+08,0.60833,0.825146,-1.61412e-06,-0.000403354,-0.00118569,-0.335685,0.941974,world,
1.73243e+09,3.43773e+08,0.613133,0.821463,-2.03979e-06,-0.000449332,-0.00118495,-0.335735,0.941956,world,
1.73243e+09,4.43468e+08,0.618171,0.817602,-1.99792e-06,-0.000439411,-0.00115885,-0.335773,0.941942,world,
1.73243e+09,5.43681e+08,0.623134,0.813798,-1.74098e-06,-0.000402432,-0.00118313,-0.335788,0.941937,world,
1.73243e+09,6.43712e+08,0.6281,0.809988,-2.03695e-06,-0.000451935,-0.00119203,-0.335789,0.941936,world,
1.73243e+09,7.43631e+08,0.632976,0.806251,-1.94806e-06,-0.000441073,-0.00116391,-0.335774,0.941942,world,
1.73243e+09,8.43663e+08,0.637936,0.80245,-2.00082e-06,-0.000390211,-0.00115332,-0.335803,0.941931,world,
1.73243e+09,9.44059e+08,0.642816,0.798708,-1.98994e-06,-0.000390351,-0.00115409,-0.335775,0.941941,world,
1.73243e+09,4.35171e+07,0.647861,0.79484,-2.01238e-06,-0.000381457,-0.00112917,-0.335809,0.941929,world,
1.73243e+09,1.43693e+08,0.653134,0.790748,-2.00877e-06,-0.000400965,-0.00116091,-0.341641,0.93983,world,
1.73243e+09,2.4413e+08,0.658113,0.786781,-2.09898e-06,-0.000448298,-0.0011366,-0.347538,0.937665,world,
1.73243e+09,3.44189e+08,0.663205,0.78262,-2.0573e-06,-0.00043447,-0.00120397,-0.353561,0.93541,world,
1.73243e+09,4.43747e+08,0.668156,0.778465,-1.94047e-06,-0.000429181,-0.00116719,-0.359509,0.933141,world,
1.73243e+09,5.44044e+08,0.673292,0.774038,-2.11017e-06,-0.000466329,-0.0011177,-0.365677,0.930741,world,
1.73243e+09,6.43913e+08,0.678449,0.769471,-2.09343e-06,-0.000481079,-0.00113236,-0.371984,0.928238,world,
1.73243e+09,7.43791e+08,0.683467,0.764908,-1.39523e-06,-0.000462056,-0.00117558,-0.378122,0.925755,world,
1.73243e+09,8.44344e+08,0.688417,0.76028,-2.09595e-06,-0.000482995,-0.00109446,-0.384285,0.923214,world,
1.73243e+09,9.43977e+08,0.693612,0.755291,-1.99442e-06,-0.000454886,-0.00112183,-0.390876,0.920443,world,
1.73243e+09,4.3723e+07,0.698951,0.750008,-1.96567e-06,-0.000478241,-0.00115214,-0.397664,0.91753,world,
1.73243e+09,1.43764e+08,0.703342,0.745543,-1.9104e-06,-0.000484174,-0.00114612,-0.403317,0.915059,world,
1.73243e+09,2.43521e+08,0.707504,0.741234,-1.93978e-06,-0.000496423,-0.00116995,-0.404963,0.914332,world,
1.73243e+09,3.43948e+08,0.711915,0.736658,-1.9378e-06,-0.000498459,-0.00117467,-0.404926,0.914349,world,
1.73243e+09,4.43688e+08,0.716181,0.732232,-1.86523e-06,-0.000502029,-0.00117948,-0.404934,0.914345,world,
1.73243e+09,5.43722e+08,0.72045,0.727803,-1.94488e-06,-0.000482833,-0.0011393,-0.40495,0.914338,world,
1.73243e+09,6.44012e+08,0.72486,0.723228,-1.90468e-06,-0.000501963,-0.00117942,-0.404959,0.914334,world,
1.73243e+09,7.43393e+08,0.729056,0.718873,-2.1622e-06,-0.000543425,-0.00116513,-0.404969,0.914329,world,
1.73243e+09,8.4342e+08,0.733322,0.714446,-2.03714e-06,-0.000522109,-0.00111582,-0.405028,0.914303,world,
1.73243e+09,9.4365e+08,0.737374,0.710241,-1.93518e-06,-0.000482399,-0.0011381,-0.405036,0.9143,world,
1.73243e+09,4.35881e+07,0.741856,0.705588,-2.03862e-06,-0.000540324,-0.00115714,-0.405046,0.914295,world,
1.73243e+09,1.44077e+08,0.746123,0.70116,-1.18984e-06,-0.000535687,-0.00115383,-0.405,0.914316,world,
1.73243e+09,2.44732e+08,0.75046,0.69666,-1.70585e-06,-0.000489514,-0.00115031,-0.404984,0.914323,world,
1.73243e+09,3.43842e+08,0.755225,0.691714,-1.95948e-06,-0.000524825,-0.00112341,-0.405047,0.914295,world,
1.73243e+09,4.43704e+08,0.759918,0.686843,-2.0592e-06,-0.000523758,-0.00111931,-0.40507,0.914285,world,
1.73243e+09,5.43751e+08,0.764827,0.681749,-1.93139e-06,-0.000484695,-0.00114318,-0.405075,0.914282,world,
1.73243e+09,6.43607e+08,0.769522,0.676875,-1.93291e-06,-0.000496419,-0.00116957,-0.405082,0.914279,world,
1.73243e+09,7.44225e+08,0.773644,0.672596,-1.64155e-06,-0.000493915,-0.00115965,-0.40503,0.914303,world,
1.73243e+09,8.4333e+08,0.777629,0.66846,-1.94493e-06,-0.000478716,-0.00112968,-0.405054,0.914292,world,
1.73243e+09,9.44199e+08,0.781967,0.663956,-2.03835e-06,-0.000524642,-0.00112143,-0.40506,0.914289,world,
1.73243e+09,4.37526e+07,0.786376,0.659379,-2.03279e-06,-0.0005385,-0.00115268,-0.405067,0.914286,world,
1.73243e+09,1.44209e+08,0.790501,0.655098,-2.03626e-06,-0.000531671,-0.00113724,-0.405073,0.914283,world,
1.73243e+09,2.43638e+08,0.794833,0.650603,-1.96694e-06,-0.00048323,-0.00114001,-0.405014,0.91431,world,
1.73243e+09,3.43592e+08,0.79917,0.646101,-2.03882e-06,-0.000510044,-0.0010888,-0.404971,0.914329,world,
1.73243e+09,4.43432e+08,0.803438,0.641672,-2.05587e-06,-0.00051285,-0.00109518,-0.404982,0.914324,world,
1.73243e+09,5.44024e+08,0.80785,0.637094,-1.87592e-06,-0.000525654,-0.001126,-0.405034,0.914301,world,
1.73243e+09,6.43565e+08,0.812262,0.632516,-1.47908e-06,-0.000531922,-0.00114389,-0.405042,0.914297,world,
1.73243e+09,7.44313e+08,0.816597,0.628017,-1.95261e-06,-0.000482549,-0.00113835,-0.405022,0.914306,world,
1.73243e+09,8.44123e+08,0.821435,0.622998,-1.94157e-06,-0.000474254,-0.00111988,-0.40498,0.914325,world,
1.73243e+09,9.44282e+08,0.826416,0.617828,-1.94475e-06,-0.000480803,-0.00113443,-0.40504,0.914298,world,
1.73243e+09,4.3524e+07,0.831039,0.613028,-2.04729e-06,-0.000541298,-0.00115962,-0.404999,0.914316,world,
1.73243e+09,1.43812e+08,0.835727,0.608164,-2.03118e-06,-0.00051725,-0.00110514,-0.404934,0.914345,world,
1.73243e+09,2.43364e+08,0.840565,0.603144,-2.03099e-06,-0.000509471,-0.00108755,-0.404947,0.914339,world,
1.73243e+09,3.4356e+08,0.84469,0.598864,-2.0329e-06,-0.000510423,-0.00108964,-0.405008,0.914312,world,
1.73243e+09,4.43385e+08,0.848959,0.594434,-2.06318e-06,-0.000524128,-0.00112043,-0.404974,0.914327,world,
1.73243e+09,5.44462e+08,0.853369,0.58986,-2.02919e-06,-0.000522996,-0.00111813,-0.404931,0.914346,world,
1.73243e+09,6.44019e+08,0.857782,0.585282,-2.06453e-06,-0.000542662,-0.00116343,-0.40489,0.914365,world,
1.73243e+09,7.43586e+08,0.861906,0.581005,-1.63071e-06,-0.000535824,-0.00115222,-0.404846,0.914384,world,
1.73243e+09,8.44177e+08,0.86625,0.576502,-1.87261e-06,-0.000501882,-0.00117952,-0.404816,0.914397,world,
1.73243e+09,9.43664e+08,0.870444,0.572153,-1.84345e-06,-0.000530529,-0.00113763,-0.404759,0.914423,world,
1.73243e+09,4.35106e+07,0.874715,0.567724,-1.27456e-06,-0.00053176,-0.00114605,-0.404792,0.914408,world,
1.73243e+09,1.43598e+08,0.879125,0.563153,-1.95876e-06,-0.000524521,-0.00112354,-0.404806,0.914402,world,
1.73243e+09,2.43701e+08,0.88354,0.558575,-1.07576e-06,-0.000535217,-0.0011545,-0.404796,0.914406,world,
1.73243e+09,3.44861e+08,0.887947,0.554006,-2.05952e-06,-0.000511952,-0.0010938,-0.40478,0.914413,world,
1.73243e+09,4.44645e+08,0.892859,0.548915,-1.93782e-06,-0.000469171,-0.00110931,-0.404744,0.914429,world,
1.73243e+09,5.44275e+08,0.897486,0.544118,-2.02925e-06,-0.000526767,-0.00112742,-0.404703,0.914447,world,
1.73243e+09,6.44084e+08,0.902679,0.538738,-1.93416e-06,-0.000475462,-0.00112384,-0.404642,0.914474,world,
1.73243e+09,7.44038e+08,0.907451,0.533794,-2.06654e-06,-0.000542706,-0.00116559,-0.404602,0.914492,world,
1.73243e+09,8.44088e+08,0.912288,0.528781,-1.92876e-06,-0.000528468,-0.00113353,-0.40465,0.914471,world,
1.73243e+09,9.44057e+08,0.916492,0.524427,-1.9026e-06,-0.000501612,-0.00117957,-0.404675,0.91446,world,
1.73243e+09,4.35271e+07,0.920543,0.520228,-1.93224e-06,-0.000528406,-0.00113333,-0.404623,0.914483,world,
1.73243e+09,1.43699e+08,0.924888,0.515729,-1.34132e-06,-0.000495492,-0.00116188,-0.404592,0.914496,world,
1.73243e+09,2.43458e+08,0.929231,0.511229,-1.23224e-06,-0.000531735,-0.00114696,-0.40462,0.914484,world,
1.73243e+09,3.43517e+08,0.933285,0.50703,-1.89049e-06,-0.000481816,-0.00113733,-0.404637,0.914477,world,
1.73243e+09,4.43376e+08,0.937703,0.502453,-1.18051e-06,-0.00049689,-0.00116318,-0.404671,0.914461,world,
1.73243e+09,5.44273e+08,0.941968,0.498033,-1.93993e-06,-0.000475934,-0.00112499,-0.404612,0.914488,world,
1.73243e+09,6.43948e+08,0.946168,0.49368,-2.04419e-06,-0.000517463,-0.00110683,-0.404625,0.914482,world,
1.73243e+09,7.44292e+08,0.95051,0.489184,-1.94761e-06,-0.000462988,-0.00109566,-0.404633,0.914479,world,
1.73243e+09,8.44e+08,0.955355,0.484166,-1.9386e-06,-0.000486647,-0.00114917,-0.404588,0.914498,world,
1.73243e+09,9.44142e+08,0.96005,0.479302,-1.87809e-06,-0.000481206,-0.00113609,-0.404614,0.914487,world,
1.73243e+09,4.44882e+07,0.964747,0.474435,-1.96162e-06,-0.000473688,-0.00111964,-0.404632,0.914479,world,
1.73243e+09,1.43813e+08,0.969374,0.46964,-2.03772e-06,-0.000520508,-0.00111388,-0.404689,0.914453,world,
1.73243e+09,2.43805e+08,0.974214,0.464624,-2.0285e-06,-0.000514971,-0.00110096,-0.404647,0.914472,world,
1.73243e+09,3.43471e+08,0.978629,0.460051,-2.03971e-06,-0.000503711,-0.0010755,-0.404655,0.914469,world,
1.73243e+09,4.43716e+08,0.982613,0.455922,-2.0291e-06,-0.000516805,-0.00110501,-0.404665,0.914464,world,
1.73243e+09,5.43692e+08,0.986956,0.451423,-1.94006e-06,-0.000470881,-0.00111343,-0.404677,0.914459,world,
1.73243e+09,6.43786e+08,0.991012,0.447219,-2.03289e-06,-0.000515513,-0.00110223,-0.404633,0.914478,world,
1.73243e+09,7.4402e+08,0.995283,0.442794,-2.03452e-06,-0.000507921,-0.0010852,-0.404596,0.914495,world,
1.73243e+09,8.43889e+08,0.999697,0.438222,-2.03462e-06,-0.000508935,-0.00108751,-0.40461,0.914489,world,
1.73243e+09,9.44203e+08,1.00404,0.433724,-1.94553e-06,-0.000463001,-0.00109568,-0.404621,0.914484,world,
1.73243e+09,4.37006e+07,1.00824,0.429372,-2.04108e-06,-0.000500372,-0.00106802,-0.404629,0.91448,world,
1.73243e+09,1.44294e+08,1.01287,0.424579,-1.93865e-06,-0.000471064,-0.001114,-0.404588,0.914498,world,
1.73243e+09,2.44097e+08,1.01721,0.420079,-2.04159e-06,-0.000501802,-0.00107136,-0.404594,0.914496,world,
1.73243e+09,3.4441e+08,1.02184,0.415285,-1.93444e-06,-0.000492561,-0.00116267,-0.40455,0.914515,world,
1.73243e+09,4.44281e+08,1.02647,0.410493,-1.88423e-06,-0.000525498,-0.00112718,-0.404575,0.914504,world,
1.73243e+09,5.43687e+08,1.03152,0.405259,-1.94477e-06,-0.000469892,-0.00111145,-0.404599,0.914493,world,
1.73243e+09,6.44409e+08,1.03643,0.400169,-2.03315e-06,-0.000509585,-0.00108878,-0.404658,0.914467,world,
1.73243e+09,7.43802e+08,1.04127,0.395152,-2.03217e-06,-0.000522583,-0.00111826,-0.404616,0.914486,world,
1.73243e+09,8.4436e+08,1.0454,0.390875,-2.02674e-06,-0.000531579,-0.00113872,-0.404576,0.914503,world,
1.73243e+09,9.4419e+08,1.04957,0.386549,-2.06697e-06,-0.000524087,-0.00111327,-0.407193,0.913341,world,
1.73243e+09,4.38716e+07,1.054,0.381844,-1.9096e-06,-0.00054029,-0.00113211,-0.412945,0.910755,world,
1.73243e+09,1.43884e+08,1.05831,0.377161,-2.00174e-06,-0.000493973,-0.00111913,-0.418628,0.908157,world,
1.73243e+09,2.43863e+08,1.06256,0.372421,-2.09656e-06,-0.000535181,-0.00108239,-0.424309,0.905517,world,
1.73243e+09,3.44419e+08,1.06668,0.367704,-1.98399e-06,-0.000557348,-0.00111324,-0.429874,0.902888,world,
1.73243e+09,4.44121e+08,1.07061,0.363098,-1.58184e-06,-0.000569523,-0.00112497,-0.435238,0.900314,world,
1.73243e+09,5.43557e+08,1.07462,0.358282,-2.07552e-06,-0.000583183,-0.00112995,-0.440817,0.897596,world,
1.73243e+09,6.43451e+08,1.07869,0.353257,-2.07082e-06,-0.000581894,-0.00110923,-0.44652,0.894773,world,
1.73243e+09,7.44259e+08,1.08264,0.348262,-1.96982e-06,-0.000557497,-0.00114367,-0.452117,0.891958,world,
1.73243e+09,8.44429e+08,1.0869,0.342721,-2.13342e-06,-0.000593146,-0.00109493,-0.458178,0.888859,world,
1.73243e+09,9.44641e+08,1.09121,0.336953,-1.93965e-06,-0.000550238,-0.00109205,-0.464451,0.885598,world,
1.73243e+09,4.43796e+07,1.09526,0.331375,-2.02411e-06,-0.00058448,-0.00113776,-0.470394,0.882456,world,
1.73243e+09,1.44234e+08,1.09928,0.325664,-2.03794e-06,-0.000602306,-0.00105814,-0.476421,0.879216,world,
1.73243e+09,2.44551e+08,1.10312,0.320067,-1.93375e-06,-0.000555467,-0.00105028,-0.482317,0.875996,world,
1.73243e+09,3.44106e+08,1.10688,0.314417,-2.0208e-06,-0.000611616,-0.00104135,-0.488146,0.872761,world,
1.73243e+09,4.43756e+08,1.11022,0.309248,-1.93062e-06,-0.000574629,-0.00105357,-0.493379,0.869814,world,
1.73243e+09,5.43534e+08,1.11345,0.304125,-1.92975e-06,-0.000591156,-0.00106813,-0.498543,0.866864,world,
1.73243e+09,6.43699e+08,1.11678,0.298692,-1.36095e-06,-0.000655576,-0.00107908,-0.503991,0.863708,world,
1.73243e+09,7.43629e+08,1.11999,0.29331,-2.07758e-06,-0.000659548,-0.00106455,-0.509332,0.860569,world,
1.73243e+09,8.4363e+08,1.12302,0.288078,-2.00245e-06,-0.000658472,-0.00104874,-0.514371,0.857567,world,
1.73243e+09,9.4348e+08,1.126,0.282799,-1.1007e-06,-0.000679637,-0.00107583,-0.519477,0.854483,world,
1.73243e+09,4.34964e+07,1.12877,0.277765,-2.06739e-06,-0.000655539,-0.00110111,-0.524251,0.851563,world,
1.73243e+09,1.44692e+08,1.13172,0.272238,-1.94246e-06,-0.000662783,-0.00109699,-0.529473,0.848326,world,
1.73243e+09,2.44204e+08,1.13502,0.265846,-1.98558e-06,-0.000662987,-0.000998125,-0.535457,0.844561,world,
1.73243e+09,3.43896e+08,1.13823,0.259398,-1.91908e-06,-0.000648537,-0.00104396,-0.541412,0.840757,world,
1.73243e+09,4.44051e+08,1.14118,0.253282,-2.02461e-06,-0.000703045,-0.00102943,-0.546993,0.837136,world,
1.73243e+09,5.44173e+08,1.14409,0.24703,-2.11626e-06,-0.000730003,-0.00105555,-0.552641,0.833419,world,
1.73243e+09,6.44106e+08,1.14707,0.240367,-1.98724e-06,-0.000689674,-0.00097845,-0.558564,0.829461,world,
1.73243e+09,7.44362e+08,1.1496,0.234604,-1.85834e-06,-0.000682441,-0.00104571,-0.559705,0.828691,world,
1.73243e+09,8.43829e+08,1.15197,0.229156,-1.84859e-06,-0.000655982,-0.00100758,-0.559678,0.828709,world,
1.73243e+09,9.44388e+08,1.15451,0.223326,-1.85842e-06,-0.000670532,-0.00102903,-0.559629,0.828742,world,
1.73243e+09,4.42451e+07,1.15705,0.217499,-1.84128e-06,-0.000647044,-0.000994385,-0.559609,0.828756,world,
1.73243e+09,1.43835e+08,1.15943,0.212046,-1.85828e-06,-0.00067422,-0.00103459,-0.55956,0.828789,world,
1.73243e+09,2.43632e+08,1.16189,0.206408,-1.84259e-06,-0.000665407,-0.00102196,-0.559537,0.828804,world,
1.73243e+09,3.4397e+08,1.1644,0.200673,-1.87162e-06,-0.000674902,-0.00103582,-0.559489,0.828837,world,
1.73243e+09,4.43707e+08,1.16686,0.195032,-1.82636e-06,-0.000723047,-0.00102677,-0.559479,0.828843,world,
1.73243e+09,5.43895e+08,1.16961,0.188739,-1.86003e-06,-0.000645772,-0.000992744,-0.559451,0.828862,world,
1.73243e+09,6.43926e+08,1.1724,0.182346,-1.87405e-06,-0.000683888,-0.00104911,-0.559432,0.828875,world,
1.73243e+09,7.43718e+08,1.17519,0.175957,-1.77882e-06,-0.000679939,-0.00104249,-0.559391,0.828903,world,
1.73243e+09,8.43824e+08,1.17786,0.16985,-1.93408e-06,-0.000705949,-0.00100037,-0.559329,0.828945,world,
1.73243e+09,9.43913e+08,1.18049,0.163835,-1.916e-06,-0.000697628,-0.000988128,-0.559311,0.828957,world,
1.73243e+09,4.34899e+07,1.18287,0.158386,-1.93719e-06,-0.000706673,-0.00100162,-0.559258,0.828993,world,
1.73243e+09,1.43406e+08,1.18521,0.153032,-1.83867e-06,-0.000645319,-0.000992785,-0.559241,0.829004,world,
1.73243e+09,2.43588e+08,1.18764,0.147487,-1.9366e-06,-0.000692375,-0.000980655,-0.559224,0.829016,world,
1.73243e+09,3.43523e+08,1.19019,0.141656,-1.79352e-06,-0.000720772,-0.00102452,-0.559221,0.829018,world,
1.73243e+09,4.43605e+08,1.1927,0.135926,-1.56129e-06,-0.000684946,-0.00104854,-0.55919,0.829039,world,
1.73243e+09,5.43623e+08,1.19521,0.130191,-1.05138e-06,-0.000729753,-0.0010426,-0.559199,0.829032,world,
1.73243e+09,6.43797e+08,1.19771,0.124466,-1.8593e-06,-0.000669981,-0.00102954,-0.559124,0.829083,world,
1.73243e+09,7.43664e+08,1.20022,0.118736,-1.93659e-06,-0.000689478,-0.000976671,-0.559105,0.829096,world,
1.73243e+09,8.43619e+08,1.20281,0.112817,-1.84869e-06,-0.000640854,-0.000986446,-0.559087,0.829108,world,
1.73243e+09,9.4344e+08,1.20519,0.107369,-1.84709e-06,-0.000657627,-0.00101144,-0.559029,0.829147,world,
1.73243e+09,4.37809e+07,1.20791,0.101167,-1.87513e-06,-0.00067508,-0.00103728,-0.558977,0.829183,world,
1.73243e+09,1.43637e+08,1.21071,0.0947768,-1.96247e-06,-0.000699074,-0.00107204,-0.558961,0.829193,world,
1.73243e+09,2.44213e+08,1.21351,0.0883895,-1.32221e-06,-0.00069196,-0.0010571,-0.558934,0.829211,world,
1.73243e+09,3.43408e+08,1.21602,0.0826568,-9.48317e-07,-0.000729277,-0.0010434,-0.558923,0.829219,world,
1.73243e+09,4.43694e+08,1.21845,0.0771229,-1.84548e-06,-0.000666183,-0.00102477,-0.558839,0.829275,world,
1.73243e+09,5.43576e+08,1.22093,0.0714113,-1.89047e-06,-0.000661115,-0.00100898,-0.561891,0.827211,world,
1.73243e+09,6.43605e+08,1.22297,0.0666032,-1.84918e-06,-0.000688709,-0.00103731,-0.566083,0.824347,world,
1.73243e+09,7.43802e+08,1.22528,0.060996,-1.92466e-06,-0.000716519,-0.00106273,-0.570986,0.820959,world,
1.73243e+09,8.43891e+08,1.22766,0.0549851,-1.9079e-06,-0.00068359,-0.00100478,-0.576144,0.817347,world,
1.73243e+09,9.43963e+08,1.23001,0.0488371,-2.04435e-06,-0.000743268,-0.0009962,-0.581369,0.813639,world,
1.73243e+09,4.41135e+07,1.23232,0.0425663,-1.98374e-06,-0.00072142,-0.000952355,-0.586671,0.809824,world,
1.73243e+09,1.4472e+08,1.23461,0.0360643,-2.00421e-06,-0.000752455,-0.00098098,-0.592118,0.80585,world,
1.73243e+09,2.44162e+08,1.23685,0.0294293,-2.08511e-06,-0.000750384,-0.00103873,-0.59763,0.801771,world,
1.73243e+09,3.44272e+08,1.23899,0.0227729,-1.86431e-06,-0.000769674,-0.000977287,-0.603095,0.797668,world,
1.73243e+09,4.43686e+08,1.24101,0.0161838,-1.9796e-06,-0.0007683,-0.000960421,-0.608486,0.793564,world,
1.73243e+09,5.43395e+08,1.24291,0.00966906,-1.85564e-06,-0.000720115,-0.000959335,-0.613736,0.78951,world,
1.73243e+09,6.44523e+08,1.24462,0.00352914,-1.993e-06,-0.000756321,-0.000919294,-0.61864,0.785674,world,
1.73243e+09,7.43732e+08,1.24615,-0.00222449,-1.8807e-06,-0.00074043,-0.00096148,-0.623162,0.782092,world,
1.73243e+09,8.43581e+08,1.24771,-0.00840354,-2.03351e-06,-0.000797037,-0.000947161,-0.627987,0.778223,world,
1.73243e+09,9.43563e+08,1.24922,-0.0147023,-2.03028e-06,-0.000796426,-0.000934001,-0.63292,0.774216,world,
1.73243e+09,4.33828e+07,1.25055,-0.0206119,-2.04048e-06,-0.000783467,-0.000906959,-0.637484,0.770462,world,
1.73243e+09,1.43503e+08,1.25186,-0.0267416,-1.99857e-06,-0.000779146,-0.000890312,-0.642179,0.766554,world,
1.73243e+09,2.44607e+08,1.25316,-0.0331949,-1.90804e-06,-0.000767346,-0.000935104,-0.647057,0.76244,world,
1.73243e+09,3.43512e+08,1.25433,-0.0394599,-1.94268e-06,-0.000806846,-0.000899539,-0.651809,0.758383,world,
1.73243e+09,4.43886e+08,1.25542,-0.0457389,-1.83131e-06,-0.000791354,-0.000940068,-0.656503,0.754323,world,
1.73243e+09,5.43633e+08,1.25641,-0.0518242,-1.9985e-06,-0.000798119,-0.000867376,-0.661023,0.750365,world,
1.73243e+09,6.43784e+08,1.25734,-0.058024,-2.01418e-06,-0.000842657,-0.000906592,-0.665564,0.74634,world,
1.73243e+09,7.43696e+08,1.25827,-0.0648547,-1.89931e-06,-0.000860747,-0.000915031,-0.670521,0.74189,world,
1.73243e+09,8.43753e+08,1.25919,-0.072426,-1.92895e-06,-0.000798617,-0.000900112,-0.676008,0.736893,world,
1.73243e+09,9.43659e+08,1.25995,-0.0793909,-2.08335e-06,-0.000880171,-0.000909107,-0.681018,0.732266,world,
1.73243e+09,4.35033e+07,1.26058,-0.0861476,-1.86533e-06,-0.000837597,-0.000917852,-0.685815,0.727775,world,
1.73243e+09,1.43631e+08,1.26106,-0.0920892,-2.08473e-06,-0.000901283,-0.000908788,-0.69004,0.72377,world,
1.73243e+09,2.43944e+08,1.26151,-0.0985541,-2.08154e-06,-0.000893623,-0.000888986,-0.694584,0.71941,world,
1.73243e+09,3.43805e+08,1.26187,-0.104813,-2.05192e-06,-0.000902593,-0.000887191,-0.698926,0.715192,world,
1.73243e+09,4.44026e+08,1.26216,-0.111285,-2.05224e-06,-0.000898763,-0.000872045,-0.703394,0.710799,world,
1.73243e+09,5.43579e+08,1.26236,-0.117552,-1.98357e-06,-0.000897651,-0.000860029,-0.707703,0.706509,world,
1.73243e+09,6.4365e+08,1.26248,-0.123822,-1.95837e-06,-0.000899589,-0.000851258,-0.711988,0.702191,world,
1.73243e+09,7.4372e+08,1.26253,-0.1303,-1.36816e-06,-0.000926628,-0.000870825,-0.716361,0.697729,world,
1.73243e+09,8.43575e+08,1.2625,-0.136779,-1.36597e-06,-0.000925152,-0.000858933,-0.720716,0.693229,world,
1.73243e+09,9.44117e+08,1.26239,-0.143048,-1.54164e-06,-0.000929714,-0.000851746,-0.724914,0.688839,world,
1.73243e+09,4.39677e+07,1.2622,-0.149528,-2.05203e-06,-0.00091941,-0.000827786,-0.729248,0.684249,world,
1.73243e+09,1.44054e+08,1.26188,-0.156831,-1.89327e-06,-0.000899327,-0.00079701,-0.734035,0.679111,world,
1.73243e+09,2.44357e+08,1.26149,-0.163719,-1.94407e-06,-0.000898839,-0.000785872,-0.738543,0.674206,world,
1.73243e+09,3.44017e+08,1.26101,-0.170499,-1.93084e-06,-0.000914849,-0.000851065,-0.742948,0.669348,world,
1.73243e+09,4.44111e+08,1.26045,-0.177273,-2.08832e-06,-0.00095876,-0.000818429,-0.747338,0.664443,world,
1.73243e+09,5.44635e+08,1.25983,-0.183718,-1.79211e-06,-0.000958353,-0.000808555,-0.75145,0.659789,world,
1.73243e+09,6.43467e+08,1.25915,-0.189955,-1.3455e-06,-0.000968308,-0.000810466,-0.755449,0.655207,world,
1.73243e+09,7.44412e+08,1.25841,-0.196081,-1.84584e-06,-0.000961266,-0.000848063,-0.759343,0.650689,world,
1.73243e+09,8.43637e+08,1.25761,-0.202087,-1.6607e-06,-0.000950249,-0.000828793,-0.763111,0.646267,world,
1.73243e+09,9.43686e+08,1.25674,-0.208092,-1.96265e-06,-0.000955831,-0.000825813,-0.766898,0.641768,world,
1.73243e+09,4.40251e+07,1.25578,-0.21418,-1.89685e-06,-0.000983648,-0.00078073,-0.770671,0.637232,world,
1.73243e+09,1.43616e+08,1.25471,-0.220468,-1.95944e-06,-0.000955359,-0.000806068,-0.774564,0.632494,world,
1.73243e+09,2.43778e+08,1.25361,-0.226534,-1.89181e-06,-0.000957226,-0.000739243,-0.778306,0.627884,world,
1.73243e+09,3.43847e+08,1.25223,-0.233616,-1.79632e-06,-0.000923164,-0.000760125,-0.782647,0.622465,world,
1.73243e+09,4.44371e+08,1.25077,-0.240577,-1.9024e-06,-0.000949966,-0.000770373,-0.786888,0.617094,world,
1.73243e+09,5.43619e+08,1.24926,-0.247314,-1.97375e-06,-0.000984827,-0.000786916,-0.79097,0.611854,world,
1.73243e+09,6.43748e+08,1.24769,-0.253927,-2.02259e-06,-0.00101034,-0.000738982,-0.794972,0.606645,world,
1.73243e+09,7.43715e+08,1.24603,-0.260518,-7.81258e-07,-0.00100883,-0.000777674,-0.798921,0.601435,world,
1.73243e+09,8.43833e+08,1.24437,-0.266783,-1.41711e-06,-0.00100354,-0.000767143,-0.802647,0.596453,world,
1.73243e+09,9.43547e+08,1.24271,-0.272723,-1.95384e-06,-0.00101455,-0.000712919,-0.806153,0.591706,world,
1.73243e+09,4.41406e+07,1.24096,-0.278754,-2.03539e-06,-0.00105496,-0.000734719,-0.809735,0.586794,world,
1.73243e+09,1.44113e+08,1.23904,-0.285052,-1.95835e-06,-0.00100339,-0.000741884,-0.81344,0.581648,world,
1.73243e+09,2.43695e+08,1.23711,-0.29113,-2.06599e-06,-0.00102651,-0.000693379,-0.817011,0.57662,world,
1.73243e+09,3.4356e+08,1.23522,-0.296883,-2.0917e-06,-0.00102365,-0.000682519,-0.820398,0.571791,world,
1.73243e+09,4.43989e+08,1.2331,-0.303108,-2.01325e-06,-0.00103679,-0.000736801,-0.824062,0.566499,world,
1.73243e+09,5.43638e+08,1.23103,-0.30891,-2.04197e-06,-0.00104718,-0.000679967,-0.827438,0.561556,world,
1.73243e+09,6.43673e+08,1.22868,-0.315178,-2.04205e-06,-0.00105489,-0.000675475,-0.831032,0.556223,world,
1.73243e+09,7.43712e+08,1.2263,-0.321317,-1.90044e-06,-0.000993892,-0.00068006,-0.834541,0.550944,world,
1.73243e+09,8.43953e+08,1.22391,-0.327327,-1.6237e-06,-0.00104727,-0.000702699,-0.838027,0.545627,world,
1.73243e+09,9.43555e+08,1.22147,-0.333215,-2.23535e-06,-0.00109479,-0.000673551,-0.8414,0.540411,world,
1.73243e+09,4.4224e+07,1.21888,-0.33926,-2.00859e-06,-0.0010571,-0.000692854,-0.844857,0.534991,world,
1.73243e+09,1.44408e+08,1.21588,-0.346027,-2.2072e-06,-0.00105051,-0.000624909,-0.848719,0.528843,world,
1.73243e+09,2.4425e+08,1.21286,-0.352569,-2.01649e-06,-0.00105048,-0.000667546,-0.852431,0.522838,world,
1.73243e+09,3.43727e+08,1.20944,-0.359718,-2.03205e-06,-0.00103143,-0.000644662,-0.856487,0.516168,world,
1.73243e+09,4.44294e+08,1.2066,-0.365422,-2.01212e-06,-0.00109257,-0.000620392,-0.859704,0.510791,world,
1.73243e+09,5.44651e+08,1.2038,-0.370901,-2.10856e-06,-0.00105955,-0.000643725,-0.862767,0.505599,world,
1.73243e+09,6.43916e+08,1.20078,-0.37662,-2.09734e-06,-0.00103784,-0.00062194,-0.866002,0.500039,world,
1.73243e+09,7.43618e+08,1.19769,-0.382303,-2.0472e-06,-0.00104677,-0.000618349,-0.869147,0.494552,world,
1.73243e+09,8.43837e+08,1.19468,-0.387671,-2.13317e-06,-0.00106266,-0.000567136,-0.872135,0.489264,world,
1.73243e+09,9.43549e+08,1.19156,-0.393096,-2.09643e-06,-0.0011234,-0.000592264,-0.875112,0.483918,world,
1.73243e+09,4.37603e+07,1.18831,-0.398569,-1.974e-06,-0.0011164,-0.000629388,-0.878132,0.478416,world,
1.73243e+09,1.43566e+08,1.18505,-0.403914,-1.99909e-06,-0.00112016,-0.000622569,-0.881045,0.473031,world,
1.73243e+09,2.44616e+08,1.18156,-0.409474,-2.14601e-06,-0.00109537,-0.00055058,-0.88406,0.467372,world,
1.73243e+09,3.43637e+08,1.17811,-0.414821,-2.05909e-06,-0.00107388,-0.000581258,-0.886995,0.461777,world,
1.73243e+09,4.44279e+08,1.17454,-0.420209,-2.02766e-06,-0.00107945,-0.000575533,-0.889897,0.45616,world,
1.73243e+09,5.43921e+08,1.17089,-0.425554,-2.00424e-06,-0.00109769,-0.000576121,-0.892758,0.450535,world,
1.73243e+09,6.43624e+08,1.16711,-0.430936,-1.16168e-06,-0.00114917,-0.000546002,-0.895628,0.444803,world,
1.73243e+09,7.43628e+08,1.16322,-0.436347,-2.13564e-06,-0.00108205,-0.000500412,-0.898529,0.438913,world,
1.73243e+09,8.44068e+08,1.15924,-0.441713,-2.10005e-06,-0.00110873,-0.000504565,-0.901368,0.433052,world,
1.73243e+09,9.43658e+08,1.15488,-0.44744,-1.99554e-06,-0.00111446,-0.000547548,-0.904437,0.426606,world,
1.73243e+09,4.3761e+07,1.15076,-0.452694,-1.95963e-06,-0.00115478,-0.000555922,-0.907221,0.420651,world,
1.73243e+09,1.43778e+08,1.14651,-0.457967,-2.11604e-06,-0.00109455,-0.000470872,-0.91,0.414606,world,
1.73243e+09,2.4355e+08,1.14191,-0.463511,-1.99827e-06,-0.00111247,-0.000519052,-0.912915,0.408149,world,
1.73243e+09,3.43923e+08,1.13772,-0.468434,-1.98934e-06,-0.00111826,-0.00051307,-0.915494,0.402329,world,
1.73243e+09,4.43592e+08,1.13366,-0.47307,-2.07837e-06,-0.0011645,-0.000475826,-0.917892,0.396829,world,
1.73243e+09,5.43399e+08,1.12942,-0.477808,-1.93286e-06,-0.00113898,-0.000504956,-0.92033,0.391141,world,
1.73243e+09,6.44009e+08,1.12505,-0.482569,-1.98995e-06,-0.00112017,-0.000489238,-0.922776,0.385335,world,
1.73243e+09,7.43901e+08,1.12112,-0.486747,-2.07972e-06,-0.00113288,-0.000438237,-0.924913,0.380177,world,
1.73243e+09,8.43629e+08,1.1167,-0.491332,-1.98691e-06,-0.00109561,-0.000463722,-0.927275,0.374378,world,
1.73243e+09,9.43842e+08,1.11216,-0.495933,-1.98309e-06,-0.00110727,-0.000460208,-0.929637,0.368475,world,
1.73243e+09,4.3692e+07,1.10755,-0.500474,-1.97623e-06,-0.00110848,-0.000452455,-0.931981,0.362506,world,
1.73243e+09,1.43959e+08,1.10281,-0.505031,-2.08728e-06,-0.00120385,-0.000432403,-0.934284,0.356528,world,
1.73243e+09,2.44411e+08,1.09802,-0.50952,-1.98548e-06,-0.00114286,-0.000448964,-0.936541,0.350556,world,
1.73243e+09,3.44351e+08,1.09332,-0.513811,-2.06081e-06,-0.00114069,-0.000391879,-0.938696,0.344744,world,
1.73243e+09,4.44234e+08,1.08841,-0.518184,-1.97804e-06,-0.00112313,-0.000425323,-0.940905,0.33867,world,
1.73243e+09,5.44581e+08,1.08289,-0.522964,-1.96208e-06,-0.00115547,-0.000427605,-0.943284,0.331985,world,
1.73243e+09,6.4492e+08,1.0777,-0.527332,-2.05701e-06,-0.00113023,-0.000362483,-0.945474,0.325697,world,
1.73243e+09,7.43868e+08,1.07246,-0.531636,-1.97261e-06,-0.00118631,-0.000420816,-0.947604,0.319444,world,
1.73243e+09,8.43421e+08,1.06675,-0.536182,-1.94878e-06,-0.00114085,-0.00039652,-0.949863,0.312664,world,
1.73243e+09,9.43775e+08,1.06221,-0.539708,-2.19021e-06,-0.00123072,-0.000371247,-0.95162,0.307275,world,
1.73243e+09,4.39709e+07,1.05722,-0.543482,-1.88537e-06,-0.00120396,-0.000354695,-0.953485,0.301437,world,
1.73243e+09,1.43582e+08,1.05193,-0.547385,-1.9496e-06,-0.00117171,-0.000382903,-0.955408,0.295286,world,
1.73243e+09,2.44364e+08,1.04676,-0.551096,-2.02858e-06,-0.00117667,-0.000329103,-0.957218,0.289367,world,
1.73243e+09,3.43787e+08,1.04146,-0.554805,-2.05626e-06,-0.00115587,-0.00031493,-0.959037,0.283279,world,
1.73243e+09,4.44233e+08,1.03611,-0.558448,-2.21756e-06,-0.00124179,-0.000332286,-0.960802,0.277233,world,
1.73243e+09,5.43565e+08,1.03063,-0.562074,-1.98383e-06,-0.00119761,-0.000357661,-0.962565,0.271048,world,
1.73243e+09,6.43563e+08,1.02519,-0.565574,-1.92908e-06,-0.00115495,-0.000338133,-0.964264,0.264942,world,
1.73243e+09,7.43842e+08,1.0197,-0.569009,-1.92076e-06,-0.00118445,-0.000337659,-0.965937,0.258773,world,
1.73243e+09,8.44122e+08,1.01417,-0.572378,-1.98202e-06,-0.00123067,-0.000341761,-0.967569,0.252602,world,
1.73243e+09,9.43418e+08,1.00914,-0.57535,-1.95067e-06,-0.00122378,-0.000332514,-0.969,0.247059,world,
1.73243e+09,4.43042e+07,1.00344,-0.578629,-1.23846e-06,-0.00123979,-0.000284546,-0.970571,0.240812,world,
1.73243e+09,1.43779e+08,0.99779,-0.58178,-2.07096e-06,-0.0012144,-0.000266956,-0.972064,0.234714,world,
1.73243e+09,2.44003e+08,0.992101,-0.58486,-1.9929e-06,-0.00116464,-0.000247219,-0.97353,0.228555,world,
1.73243e+09,3.44722e+08,0.986278,-0.587921,-1.89558e-06,-0.00118041,-0.000289722,-0.974982,0.222282,world,
1.73243e+09,4.44363e+08,0.980416,-0.590904,-2.02445e-06,-0.00117863,-0.000234704,-0.976384,0.216037,world,
1.73243e+09,5.44864e+08,0.974517,-0.593814,-1.92523e-06,-0.00120117,-0.000278111,-0.977746,0.209788,world,
1.73243e+09,6.44124e+08,0.968578,-0.596646,-2.04757e-06,-0.00118087,-0.000219445,-0.979078,0.203482,world,
1.73243e+09,7.43789e+08,0.961848,-0.599744,-1.90933e-06,-0.00120062,-0.000260894,-0.980524,0.196398,world,
1.73243e+09,8.44273e+08,0.955644,-0.602494,-1.9933e-06,-0.00117266,-0.000200824,-0.981806,0.189883,world,
1.73243e+09,9.44857e+08,0.949403,-0.605167,-1.93529e-06,-0.00122959,-0.000249652,-0.983037,0.183401,world,
1.73243e+09,4.39209e+07,0.94313,-0.607749,-1.99342e-06,-0.00122455,-0.000194368,-0.98422,0.176946,world,
1.73243e+09,1.44046e+08,0.936238,-0.610481,-1.92283e-06,-0.00118803,-0.000224983,-0.985476,0.16981,world,
1.73243e+09,2.43662e+08,0.929791,-0.612933,-1.98006e-06,-0.00124666,-0.000226285,-0.986599,0.163159,world,
1.73243e+09,3.43972e+08,0.924201,-0.614974,-2.06636e-06,-0.0012227,-0.000169175,-0.987531,0.157418,world,
1.73243e+09,4.44102e+08,0.918297,-0.617051,-2.03796e-06,-0.00123253,-0.000162924,-0.988466,0.15144,world,
1.73243e+09,5.43466e+08,0.912166,-0.619123,-1.95978e-06,-0.00119052,-0.000148892,-0.989397,0.14523,world,
1.73243e+09,6.43797e+08,0.906106,-0.62109,-1.85254e-06,-0.00120119,-0.000189058,-0.990281,0.139072,world,
1.73243e+09,7.43775e+08,0.899922,-0.623012,-1.87655e-06,-0.0012014,-0.000181293,-0.991135,0.13285,world,
1.73243e+09,8.44323e+08,0.893914,-0.624797,-1.92072e-06,-0.00118003,-0.000170975,-0.99193,0.12678,world,
1.73243e+09,9.4363e+08,0.887785,-0.626532,-1.95819e-06,-0.0011996,-0.000119973,-0.992703,0.120576,world,
1.73243e+09,4.44243e+07,0.881634,-0.628195,-1.87023e-06,-0.0012181,-0.000160494,-0.993433,0.114405,world,
1.73243e+09,1.44077e+08,0.875462,-0.629779,-2.01115e-06,-0.00121017,-0.000106141,-0.994121,0.108263,world,
1.73243e+09,2.43763e+08,0.868558,-0.631457,-2.01548e-06,-0.00126111,-0.000102882,-0.994848,0.101373,world,
1.73243e+09,3.43952e+08,0.861841,-0.632989,-1.98762e-06,-0.00123092,-9.16229e-05,-0.995501,0.0947472,world,
1.73243e+09,4.4407e+08,0.854383,-0.634584,-1.86227e-06,-0.00121916,-0.000127122,-0.996174,0.08738,world,
1.73243e+09,5.44021e+08,0.847412,-0.635973,-1.97834e-06,-0.00126879,-0.000122378,-0.996756,0.0804732,world,
1.73243e+09,6.43825e+08,0.840736,-0.637202,-1.53485e-06,-0.00125917,-7.02935e-05,-0.997267,0.0738771,world,
1.73243e+09,7.43478e+08,0.834762,-0.638228,-2.03408e-06,-0.00125319,-5.98793e-05,-0.997685,0.0679943,world,
1.73243e+09,8.43631e+08,0.828883,-0.639166,-1.8652e-06,-0.00123469,-9.70868e-05,-0.998062,0.062216,world,
1.73243e+09,9.43714e+08,0.822681,-0.640081,-1.88939e-06,-0.00122738,-8.91e-05,-0.998421,0.0561562,world,
1.73243e+09,4.39457e+07,0.816365,-0.640933,-2.02904e-06,-0.0012215,-3.5605e-05,-0.99875,0.0499646,world,
1.73243e+09,1.43771e+08,0.810142,-0.641692,-1.95166e-06,-0.001209,-2.74658e-05,-0.999038,0.0438404,world,
1.73243e+09,2.44041e+08,0.803806,-0.64239,-1.87121e-06,-0.00123826,-6.6735e-05,-0.99929,0.0376489,world,
1.73243e+09,3.44553e+08,0.797252,-0.643024,-1.99595e-06,-0.001209,-1.22331e-05,-0.999512,0.0312162,world,
1.73243e+09,4.44641e+08,0.790901,-0.643561,-1.88724e-06,-0.0012389,-5.10564e-05,-0.999686,0.0250266,world,
1.73243e+09,5.44201e+08,0.784122,-0.644046,-2.0836e-06,-0.00124609,2.45741e-06,-0.99983,0.0184189,world,
1.73243e+09,6.44102e+08,0.776924,-0.644462,-1.86449e-06,-0.00128142,-3.31423e-05,-0.999934,0.011417,world,
1.73243e+09,7.43699e+08,0.770141,-0.644757,-1.8911e-06,-0.00125567,1.89054e-05,-0.999987,0.00487098,world,
1.73243e+09,8.44062e+08,0.763247,-0.644967,-1.92175e-06,-0.00123008,2.80256e-05,-0.999998,-0.00181212,world,
1.73243e+09,9.44418e+08,0.756456,-0.645087,-1.81817e-06,-0.0012178,-1.0025e-05,-0.999964,-0.00837332,world,
1.73243e+09,4.40589e+07,0.749767,-0.645117,-1.85681e-06,-0.00121166,-2.1402e-06,-0.999889,-0.0148376,world,
1.73243e+09,1.43878e+08,0.742868,-0.64506,-1.92773e-06,-0.00125593,7.05704e-06,-0.999768,-0.0215027,world,
1.73243e+09,2.43691e+08,0.735767,-0.644899,-1.84454e-06,-0.00123034,1.4576e-05,-0.999598,-0.0283274,world,
1.73243e+09,3.43589e+08,0.729813,-0.64469,-1.95187e-06,-0.00123349,6.75966e-05,-0.999419,-0.0340698,world,
1.73243e+09,4.4398e+08,0.723442,-0.644394,-1.87777e-06,-0.00124752,3.03522e-05,-0.999189,-0.0402477,world,
1.73243e+09,5.44143e+08,0.716975,-0.644008,-1.83178e-06,-0.00121286,3.59411e-05,-0.998917,-0.0465077,world,
1.73243e+09,6.44504e+08,0.710401,-0.643538,-1.1742e-06,-0.00126913,8.93603e-05,-0.998599,-0.0529058,world,
1.73243e+09,7.44261e+08,0.70405,-0.643,-1.77683e-06,-0.00125896,5.55583e-05,-0.998255,-0.0590318,world,
1.73243e+09,8.43476e+08,0.697704,-0.642381,-1.83697e-06,-0.00125033,0.000106654,-0.997874,-0.0651573,world,
1.73243e+09,9.44379e+08,0.691161,-0.641661,-1.79062e-06,-0.00120864,6.6159e-05,-0.997442,-0.0714725,world,
1.73243e+09,4.35406e+07,0.68504,-0.640912,-1.90033e-06,-0.00120242,0.000119121,-0.997,-0.0773945,world,
1.73243e+09,1.43988e+08,0.678824,-0.640077,-1.89024e-06,-0.00121444,0.000127497,-0.996514,-0.0834137,world,
1.73243e+09,2.43915e+08,0.67241,-0.639134,-1.84612e-06,-0.00120043,0.000133944,-0.995972,-0.0896542,world,
1.73243e+09,3.4359e+08,0.666009,-0.638113,-1.94274e-06,-0.00121657,0.000142927,-0.995393,-0.0958717,world,
1.73243e+09,4.44183e+08,0.658897,-0.636884,-1.93753e-06,-0.0012613,0.00011036,-0.9947,-0.102815,world,
1.73243e+09,5.4429e+08,0.65171,-0.635529,-1.78631e-06,-0.00121569,0.000113672,-0.993955,-0.109781,world,
1.73243e+09,6.43728e+08,0.644227,-0.634013,-1.98342e-06,-0.00121665,0.000169162,-0.99312,-0.117091,world,
1.73243e+09,7.43699e+08,0.637481,-0.632546,-1.99512e-06,-0.00122854,0.000178864,-0.992318,-0.123706,world,
1.73243e+09,8.44226e+08,0.630961,-0.631037,-1.96524e-06,-0.00120837,0.000184332,-0.991499,-0.130106,world,
1.73243e+09,9.43803e+08,0.624968,-0.629574,-1.86962e-06,-0.00121512,0.000146556,-0.990711,-0.135976,world,
1.73243e+09,4.3801e+07,0.618791,-0.627982,-1.90095e-06,-0.0012098,0.000199556,-0.989857,-0.14206,world,
1.73243e+09,1.43607e+08,0.612632,-0.626318,-1.80079e-06,-0.00121652,0.000161828,-0.988965,-0.148143,world,
1.73243e+09,2.43479e+08,0.608105,-0.625041,-1.95814e-06,-0.00121416,0.000213609,-0.988287,-0.152599,world,
1.73243e+09,3.43556e+08,0.602083,-0.623279,-1.97857e-06,-0.0012173,0.000221124,-0.987344,-0.158591,world,
1.73243e+09,4.43955e+08,0.595886,-0.621393,-2.03803e-06,-0.00119839,0.000225997,-0.986328,-0.16479,world,
1.73243e+09,5.44227e+08,0.589712,-0.619413,-1.86903e-06,-0.00120541,0.000235028,-0.985278,-0.170954,world,
1.73243e+09,6.44351e+08,0.583466,-0.617347,-2.02788e-06,-0.00121428,0.000198701,-0.98416,-0.177279,world,
1.73243e+09,7.4395e+08,0.577248,-0.61521,-2.25147e-06,-0.00120453,0.000250567,-0.982994,-0.183634,world,
1.73243e+09,8.44504e+08,0.571159,-0.612995,-1.78322e-06,-0.00117547,0.000253458,-0.981829,-0.189763,world,
1.73243e+09,9.4452e+08,0.564898,-0.610669,-2.19377e-06,-0.00119001,0.000263847,-0.98056,-0.196213,world,
