/kiss/odometry/header/stamp/sec,/kiss/odometry/header/stamp/nanosec,/kiss/odometry/pose/pose/position/x,/kiss/odometry/pose/pose/position/y,/kiss/odometry/pose/pose/position/z,/kiss/odometry/pose/pose/orientation/x,/kiss/odometry/pose/pose/orientation/y,/kiss/odometry/pose/pose/orientation/z,/kiss/odometry/pose/pose/orientation/w,/kiss/odometry/pose/covariance[0],/kiss/odometry/pose/covariance[1],/kiss/odometry/pose/covariance[2],/kiss/odometry/pose/covariance[3],/kiss/odometry/pose/covariance[4],/kiss/odometry/pose/covariance[5],/kiss/odometry/pose/covariance[6],/kiss/odometry/pose/covariance[7],/kiss/odometry/pose/covariance[8],/kiss/odometry/pose/covariance[9],/kiss/odometry/pose/covariance[10],/kiss/odometry/pose/covariance[11],/kiss/odometry/pose/covariance[12],/kiss/odometry/pose/covariance[13],/kiss/odometry/pose/covariance[14],/kiss/odometry/pose/covariance[15],/kiss/odometry/pose/covariance[16],/kiss/odometry/pose/covariance[17],/kiss/odometry/pose/covariance[18],/kiss/odometry/pose/covariance[19],/kiss/odometry/pose/covariance[20],/kiss/odometry/pose/covariance[21],/kiss/odometry/pose/covariance[22],/kiss/odometry/pose/covariance[23],/kiss/odometry/pose/covariance[24],/kiss/odometry/pose/covariance[25],/kiss/odometry/pose/covariance[26],/kiss/odometry/pose/covariance[27],/kiss/odometry/pose/covariance[28],/kiss/odometry/pose/covariance[29],/kiss/odometry/pose/covariance[30],/kiss/odometry/pose/covariance[31],/kiss/odometry/pose/covariance[32],/kiss/odometry/pose/covariance[33],/kiss/odometry/pose/covariance[34],/kiss/odometry/pose/covariance[35],/kiss/odometry/twist/twist/linear/x,/kiss/odometry/twist/twist/linear/y,/kiss/odometry/twist/twist/linear/z,/kiss/odometry/twist/twist/angular/x,/kiss/odometry/twist/twist/angular/y,/kiss/odometry/twist/twist/angular/z,/kiss/odometry/twist/covariance[0],/kiss/odometry/twist/covariance[1],/kiss/odometry/twist/covariance[2],/kiss/odometry/twist/covariance[3],/kiss/odometry/twist/covariance[4],/kiss/odometry/twist/covariance[5],/kiss/odometry/twist/covariance[6],/kiss/odometry/twist/covariance[7],/kiss/odometry/twist/covariance[8],/kiss/odometry/twist/covariance[9],/kiss/odometry/twist/covariance[10],/kiss/odometry/twist/covariance[11],/kiss/odometry/twist/covariance[12],/kiss/odometry/twist/covariance[13],/kiss/odometry/twist/covariance[14],/kiss/odometry/twist/covariance[15],/kiss/odometry/twist/covariance[16],/kiss/odometry/twist/covariance[17],/kiss/odometry/twist/covariance[18],/kiss/odometry/twist/covariance[19],/kiss/odometry/twist/covariance[20],/kiss/odometry/twist/covariance[21],/kiss/odometry/twist/covariance[22],/kiss/odometry/twist/covariance[23],/kiss/odometry/twist/covariance[24],/kiss/odometry/twist/covariance[25],/kiss/odometry/twist/covariance[26],/kiss/odometry/twist/covariance[27],/kiss/odometry/twist/covariance[28],/kiss/odometry/twist/covariance[29],/kiss/odometry/twist/covariance[30],/kiss/odometry/twist/covariance[31],/kiss/odometry/twist/covariance[32],/kiss/odometry/twist/covariance[33],/kiss/odometry/twist/covariance[34],/kiss/odometry/twist/covariance[35],/kiss/odometry/header/frame_id,/kiss/odometry/child_frame_id,
83,4.17e+08,0.140218,-0.102647,0.107356,-0.064373,-0.0524585,0.0107274,0.996488,0.1,0,0,0,0,0,0,0.1,0,0,0,0,0,0,0.1,0,0,0,0,0,0,0.1,0,0,0,0,0,0,0.1,0,0,0,0,0,0,0.1,0,0,0,0,0,0,0,0,0,0,0,0,0,0,0,0,0,0,0,0,0,0,0,0,0,0,0,0,0,0,0,0,0,0,0,0,0,0,0,0,0,0,lidar_odom,robot0/base_link,
83,6.83e+08,0.151025,-0.121787,0.191518,-0.0671304,-0.0523686,0.0120778,0.996296,0.1,0,0,0,0,0,0,0.1,0,0,0,0,0,0,0.1,0,0,0,0,0,0,0.1,0,0,0,0,0,0,0.1,0,0,0,0,0,0,0.1,0,0,0,0,0,0,0,0,0,0,0,0,0,0,0,0,0,0,0,0,0,0,0,0,0,0,0,0,0,0,0,0,0,0,0,0,0,0,0,0,0,0,lidar_odom,robot0/base_link,
83,8.88e+08,0.126054,-0.114129,0.244103,-0.0657824,-0.0523379,0.010987,0.9964,0.1,0,0,0,0,0,0,0.1,0,0,0,0,0,0,0.1,0,0,0,0,0,0,0.1,0,0,0,0,0,0,0.1,0,0,0,0,0,0,0.1,0,0,0,0,0,0,0,0,0,0,0,0,0,0,0,0,0,0,0,0,0,0,0,0,0,0,0,0,0,0,0,0,0,0,0,0,0,0,0,0,0,0,lidar_odom,robot0/base_link,
84,9.7e+07,0.1249,-0.110691,0.310254,-0.0650287,-0.0514096,0.011899,0.996487,0.1,0,0,0,0,0,0,0.1,0,0,0,0,0,0,0.1,0,0,0,0,0,0,0.1,0,0,0,0,0,0,0.1,0,0,0,0,0,0,0.1,0,0,0,0,0,0,0,0,0,0,0,0,0,0,0,0,0,0,0,0,0,0,0,0,0,0,0,0,0,0,0,0,0,0,0,0,0,0,0,0,0,0,lidar_odom,robot0/base_link,
84,2.97e+08,0.117614,-0.0955386,0.367471,-0.0660961,-0.0514971,0.0114287,0.996418,0.1,0,0,0,0,0,0,0.1,0,0,0,0,0,0,0.1,0,0,0,0,0,0,0.1,0,0,0,0,0,0,0.1,0,0,0,0,0,0,0.1,0,0,0,0,0,0,0,0,0,0,0,0,0,0,0,0,0,0,0,0,0,0,0,0,0,0,0,0,0,0,0,0,0,0,0,0,0,0,0,0,0,0,lidar_odom,robot0/base_link,
84,4.33e+08,0.117046,-0.0532693,0.315612,-0.0625365,-0.0524368,0.00948201,0.996619,0.1,0,0,0,0,0,0,0.1,0,0,0,0,0,0,0.1,0,0,0,0,0,0,0.1,0,0,0,0,0,0,0.1,0,0,0,0,0,0,0.1,0,0,0,0,0,0,0,0,0,0,0,0,0,0,0,0,0,0,0,0,0,0,0,0,0,0,0,0,0,0,0,0,0,0,0,0,0,0,0,0,0,0,lidar_odom,robot0/base_link,
84,7.03e+08,0.124184,-0.110537,0.281937,-0.0717121,-0.054242,0.010741,0.995891,0.1,0,0,0,0,0,0,0.1,0,0,0,0,0,0,0.1,0,0,0,0,0,0,0.1,0,0,0,0,0,0,0.1,0,0,0,0,0,0,0.1,0,0,0,0,0,0,0,0,0,0,0,0,0,0,0,0,0,0,0,0,0,0,0,0,0,0,0,0,0,0,0,0,0,0,0,0,0,0,0,0,0,0,lidar_odom,robot0/base_link,
84,9.02e+08,0.12287,-0.125074,0.328781,-0.0779324,-0.0530025,0.0110763,0.995487,0.1,0,0,0,0,0,0,0.1,0,0,0,0,0,0,0.1,0,0,0,0,0,0,0.1,0,0,0,0,0,0,0.1,0,0,0,0,0,0,0.1,0,0,0,0,0,0,0,0,0,0,0,0,0,0,0,0,0,0,0,0,0,0,0,0,0,0,0,0,0,0,0,0,0,0,0,0,0,0,0,0,0,0,lidar_odom,robot0/base_link,
85,3.8e+07,0.203592,-0.121491,0.288544,-0.0754749,-0.0551733,0.0122548,0.995545,0.1,0,0,0,0,0,0,0.1,0,0,0,0,0,0,0.1,0,0,0,0,0,0,0.1,0,0,0,0,0,0,0.1,0,0,0,0,0,0,0.1,0,0,0,0,0,0,0,0,0,0,0,0,0,0,0,0,0,0,0,0,0,0,0,0,0,0,0,0,0,0,0,0,0,0,0,0,0,0,0,0,0,0,lidar_odom,robot0/base_link,
85,3.18e+08,0.18721,-0.0910861,0.431689,-0.0702817,-0.0434361,0.0131384,0.996494,0.1,0,0,0,0,0,0,0.1,0,0,0,0,0,0,0.1,0,0,0,0,0,0,0.1,0,0,0,0,0,0,0.1,0,0,0,0,0,0,0.1,0,0,0,0,0,0,0,0,0,0,0,0,0,0,0,0,0,0,0,0,0,0,0,0,0,0,0,0,0,0,0,0,0,0,0,0,0,0,0,0,0,0,lidar_odom,robot0/base_link,
85,4.61e+08,0.102594,-0.0879997,0.525012,-0.0647865,-0.0325272,0.0142704,0.997267,0.1,0,0,0,0,0,0,0.1,0,0,0,0,0,0,0.1,0,0,0,0,0,0,0.1,0,0,0,0,0,0,0.1,0,0,0,0,0,0,0.1,0,0,0,0,0,0,0,0,0,0,0,0,0,0,0,0,0,0,0,0,0,0,0,0,0,0,0,0,0,0,0,0,0,0,0,0,0,0,0,0,0,0,lidar_odom,robot0/base_link,
85,6.62e+08,-0.00200855,-0.0462289,0.51134,-0.0534608,-0.0249516,0.0113581,0.998194,0.1,0,0,0,0,0,0,0.1,0,0,0,0,0,0,0.1,0,0,0,0,0,0,0.1,0,0,0,0,0,0,0.1,0,0,0,0,0,0,0.1,0,0,0,0,0,0,0,0,0,0,0,0,0,0,0,0,0,0,0,0,0,0,0,0,0,0,0,0,0,0,0,0,0,0,0,0,0,0,0,0,0,0,lidar_odom,robot0/base_link,
85,9.24e+08,-0.0326262,-0.0143367,0.498873,-0.0436619,-0.020874,0.0136353,0.998735,0.1,0,0,0,0,0,0,0.1,0,0,0,0,0,0,0.1,0,0,0,0,0,0,0.1,0,0,0,0,0,0,0.1,0,0,0,0,0,0,0.1,0,0,0,0,0,0,0,0,0,0,0,0,0,0,0,0,0,0,0,0,0,0,0,0,0,0,0,0,0,0,0,0,0,0,0,0,0,0,0,0,0,0,lidar_odom,robot0/base_link,
86,1.22e+08,-0.0424045,0.0199897,0.501468,-0.0252053,-0.01117,0.0150154,0.999507,0.1,0,0,0,0,0,0,0.1,0,0,0,0,0,0,0.1,0,0,0,0,0,0,0.1,0,0,0,0,0,0,0.1,0,0,0,0,0,0,0.1,0,0,0,0,0,0,0,0,0,0,0,0,0,0,0,0,0,0,0,0,0,0,0,0,0,0,0,0,0,0,0,0,0,0,0,0,0,0,0,0,0,0,lidar_odom,robot0/base_link,
86,2.61e+08,-0.0526174,0.0594262,0.411238,-0.0188194,-0.00417799,0.0130305,0.999729,0.1,0,0,0,0,0,0,0.1,0,0,0,0,0,0,0.1,0,0,0,0,0,0,0.1,0,0,0,0,0,0,0.1,0,0,0,0,0,0,0.1,0,0,0,0,0,0,0,0,0,0,0,0,0,0,0,0,0,0,0,0,0,0,0,0,0,0,0,0,0,0,0,0,0,0,0,0,0,0,0,0,0,0,lidar_odom,robot0/base_link,
86,5.28e+08,-0.121012,0.0900809,0.395226,-0.00286925,0.00814482,0.0113394,0.999898,0.1,0,0,0,0,0,0,0.1,0,0,0,0,0,0,0.1,0,0,0,0,0,0,0.1,0,0,0,0,0,0,0.1,0,0,0,0,0,0,0.1,0,0,0,0,0,0,0,0,0,0,0,0,0,0,0,0,0,0,0,0,0,0,0,0,0,0,0,0,0,0,0,0,0,0,0,0,0,0,0,0,0,0,lidar_odom,robot0/base_link,
86,7.31e+08,-0.162844,0.136082,0.31666,0.0118769,0.0158093,0.00980679,0.999756,0.1,0,0,0,0,0,0,0.1,0,0,0,0,0,0,0.1,0,0,0,0,0,0,0.1,0,0,0,0,0,0,0.1,0,0,0,0,0,0,0.1,0,0,0,0,0,0,0,0,0,0,0,0,0,0,0,0,0,0,0,0,0,0,0,0,0,0,0,0,0,0,0,0,0,0,0,0,0,0,0,0,0,0,lidar_odom,robot0/base_link,
86,9.38e+08,-0.207911,0.14892,0.247259,0.0200576,0.0205232,0.00827519,0.999554,0.1,0,0,0,0,0,0,0.1,0,0,0,0,0,0,0.1,0,0,0,0,0,0,0.1,0,0,0,0,0,0,0.1,0,0,0,0,0,0,0.1,0,0,0,0,0,0,0,0,0,0,0,0,0,0,0,0,0,0,0,0,0,0,0,0,0,0,0,0,0,0,0,0,0,0,0,0,0,0,0,0,0,0,lidar_odom,robot0/base_link,
87,6.9e+07,-0.257818,0.113879,0.0168911,0.0254878,0.0184384,0.0136187,0.999412,0.1,0,0,0,0,0,0,0.1,0,0,0,0,0,0,0.1,0,0,0,0,0,0,0.1,0,0,0,0,0,0,0.1,0,0,0,0,0,0,0.1,0,0,0,0,0,0,0,0,0,0,0,0,0,0,0,0,0,0,0,0,0,0,0,0,0,0,0,0,0,0,0,0,0,0,0,0,0,0,0,0,0,0,lidar_odom,robot0/base_link,
87,3.39e+08,-0.247588,0.120076,-0.0967631,0.0163765,0.0165992,0.01302,0.999643,0.1,0,0,0,0,0,0,0.1,0,0,0,0,0,0,0.1,0,0,0,0,0,0,0.1,0,0,0,0,0,0,0.1,0,0,0,0,0,0,0.1,0,0,0,0,0,0,0,0,0,0,0,0,0,0,0,0,0,0,0,0,0,0,0,0,0,0,0,0,0,0,0,0,0,0,0,0,0,0,0,0,0,0,lidar_odom,robot0/base_link,
87,5.41e+08,-0.247212,0.0323868,-0.231721,-0.0110196,0.00940334,0.0138064,0.9998,0.1,0,0,0,0,0,0,0.1,0,0,0,0,0,0,0.1,0,0,0,0,0,0,0.1,0,0,0,0,0,0,0.1,0,0,0,0,0,0,0.1,0,0,0,0,0,0,0,0,0,0,0,0,0,0,0,0,0,0,0,0,0,0,0,0,0,0,0,0,0,0,0,0,0,0,0,0,0,0,0,0,0,0,lidar_odom,robot0/base_link,
87,7.36e+08,-0.266111,-0.0457839,-0.421777,-0.0361204,-0.000178874,0.0131476,0.999261,0.1,0,0,0,0,0,0,0.1,0,0,0,0,0,0,0.1,0,0,0,0,0,0,0.1,0,0,0,0,0,0,0.1,0,0,0,0,0,0,0.1,0,0,0,0,0,0,0,0,0,0,0,0,0,0,0,0,0,0,0,0,0,0,0,0,0,0,0,0,0,0,0,0,0,0,0,0,0,0,0,0,0,0,lidar_odom,robot0/base_link,
87,9.37e+08,-0.221113,-0.0304979,-0.506876,-0.0400746,-0.00656555,0.0121891,0.999101,0.1,0,0,0,0,0,0,0.1,0,0,0,0,0,0,0.1,0,0,0,0,0,0,0.1,0,0,0,0,0,0,0.1,0,0,0,0,0,0,0.1,0,0,0,0,0,0,0,0,0,0,0,0,0,0,0,0,0,0,0,0,0,0,0,0,0,0,0,0,0,0,0,0,0,0,0,0,0,0,0,0,0,0,lidar_odom,robot0/base_link,
88,6.9e+07,-0.32654,-0.0599147,-0.43624,-0.0432803,0.00040613,0.0113395,0.998999,0.1,0,0,0,0,0,0,0.1,0,0,0,0,0,0,0.1,0,0,0,0,0,0,0.1,0,0,0,0,0,0,0.1,0,0,0,0,0,0,0.1,0,0,0,0,0,0,0,0,0,0,0,0,0,0,0,0,0,0,0,0,0,0,0,0,0,0,0,0,0,0,0,0,0,0,0,0,0,0,0,0,0,0,lidar_odom,robot0/base_link,
88,3.28e+08,-0.383926,-0.0387678,-0.273824,-0.0366419,0.0105431,0.0125212,0.999194,0.1,0,0,0,0,0,0,0.1,0,0,0,0,0,0,0.1,0,0,0,0,0,0,0.1,0,0,0,0,0,0,0.1,0,0,0,0,0,0,0.1,0,0,0,0,0,0,0,0,0,0,0,0,0,0,0,0,0,0,0,0,0,0,0,0,0,0,0,0,0,0,0,0,0,0,0,0,0,0,0,0,0,0,lidar_odom,robot0/base_link,
88,5.27e+08,-0.445437,-0.0192136,-0.116157,-0.0268075,0.0173578,0.0123392,0.999414,0.1,0,0,0,0,0,0,0.1,0,0,0,0,0,0,0.1,0,0,0,0,0,0,0.1,0,0,0,0,0,0,0.1,0,0,0,0,0,0,0.1,0,0,0,0,0,0,0,0,0,0,0,0,0,0,0,0,0,0,0,0,0,0,0,0,0,0,0,0,0,0,0,0,0,0,0,0,0,0,0,0,0,0,lidar_odom,robot0/base_link,
88,6.63e+08,-0.498256,0.0477163,0.0265674,-0.0197653,0.0198005,0.00800708,0.999576,0.1,0,0,0,0,0,0,0.1,0,0,0,0,0,0,0.1,0,0,0,0,0,0,0.1,0,0,0,0,0,0,0.1,0,0,0,0,0,0,0.1,0,0,0,0,0,0,0,0,0,0,0,0,0,0,0,0,0,0,0,0,0,0,0,0,0,0,0,0,0,0,0,0,0,0,0,0,0,0,0,0,0,0,lidar_odom,robot0/base_link,
88,9.3e+08,-0.516331,0.0783297,0.160579,-0.0109285,0.0229833,0.00708956,0.999651,0.1,0,0,0,0,0,0,0.1,0,0,0,0,0,0,0.1,0,0,0,0,0,0,0.1,0,0,0,0,0,0,0.1,0,0,0,0,0,0,0.1,0,0,0,0,0,0,0,0,0,0,0,0,0,0,0,0,0,0,0,0,0,0,0,0,0,0,0,0,0,0,0,0,0,0,0,0,0,0,0,0,0,0,lidar_odom,robot0/base_link,
89,1.32e+08,-0.471257,0.0946447,0.17236,-0.0057161,0.0199497,0.00797518,0.999753,0.1,0,0,0,0,0,0,0.1,0,0,0,0,0,0,0.1,0,0,0,0,0,0,0.1,0,0,0,0,0,0,0.1,0,0,0,0,0,0,0.1,0,0,0,0,0,0,0,0,0,0,0,0,0,0,0,0,0,0,0,0,0,0,0,0,0,0,0,0,0,0,0,0,0,0,0,0,0,0,0,0,0,0,lidar_odom,robot0/base_link,
89,3.38e+08,-0.47124,0.0912768,0.119282,0.00100268,0.0146017,0.00414015,0.999884,0.1,0,0,0,0,0,0,0.1,0,0,0,0,0,0,0.1,0,0,0,0,0,0,0.1,0,0,0,0,0,0,0.1,0,0,0,0,0,0,0.1,0,0,0,0,0,0,0,0,0,0,0,0,0,0,0,0,0,0,0,0,0,0,0,0,0,0,0,0,0,0,0,0,0,0,0,0,0,0,0,0,0,0,lidar_odom,robot0/base_link,
89,5.39e+08,-0.34749,0.0148092,-0.048717,-0.0158348,-0.00734158,-0.0156147,0.999726,0.1,0,0,0,0,0,0,0.1,0,0,0,0,0,0,0.1,0,0,0,0,0,0,0.1,0,0,0,0,0,0,0.1,0,0,0,0,0,0,0.1,0,0,0,0,0,0,0,0,0,0,0,0,0,0,0,0,0,0,0,0,0,0,0,0,0,0,0,0,0,0,0,0,0,0,0,0,0,0,0,0,0,0,lidar_odom,robot0/base_link,
89,7.36e+08,-0.218761,-0.0521942,-0.252622,-0.0291405,-0.030883,-0.0365003,0.998431,0.1,0,0,0,0,0,0,0.1,0,0,0,0,0,0,0.1,0,0,0,0,0,0,0.1,0,0,0,0,0,0,0.1,0,0,0,0,0,0,0.1,0,0,0,0,0,0,0,0,0,0,0,0,0,0,0,0,0,0,0,0,0,0,0,0,0,0,0,0,0,0,0,0,0,0,0,0,0,0,0,0,0,0,lidar_odom,robot0/base_link,
89,9.37e+08,-0.11218,-0.049695,-0.396,-0.0339619,-0.0506904,-0.0592715,0.996375,0.1,0,0,0,0,0,0,0.1,0,0,0,0,0,0,0.1,0,0,0,0,0,0,0.1,0,0,0,0,0,0,0.1,0,0,0,0,0,0,0.1,0,0,0,0,0,0,0,0,0,0,0,0,0,0,0,0,0,0,0,0,0,0,0,0,0,0,0,0,0,0,0,0,0,0,0,0,0,0,0,0,0,0,lidar_odom,robot0/base_link,
90,1.5e+08,-0.0708491,-0.0938225,-0.500318,-0.0340988,-0.0640045,-0.0847436,0.99376,0.1,0,0,0,0,0,0,0.1,0,0,0,0,0,0,0.1,0,0,0,0,0,0,0.1,0,0,0,0,0,0,0.1,0,0,0,0,0,0,0.1,0,0,0,0,0,0,0,0,0,0,0,0,0,0,0,0,0,0,0,0,0,0,0,0,0,0,0,0,0,0,0,0,0,0,0,0,0,0,0,0,0,0,lidar_odom,robot0/base_link,
90,3.5e+08,-0.0218894,-0.0671483,-0.606898,-0.0349056,-0.0794943,-0.108991,0.990244,0.1,0,0,0,0,0,0,0.1,0,0,0,0,0,0,0.1,0,0,0,0,0,0,0.1,0,0,0,0,0,0,0.1,0,0,0,0,0,0,0.1,0,0,0,0,0,0,0,0,0,0,0,0,0,0,0,0,0,0,0,0,0,0,0,0,0,0,0,0,0,0,0,0,0,0,0,0,0,0,0,0,0,0,lidar_odom,robot0/base_link,
90,5.5e+08,0.00713461,-0.0676057,-0.422712,-0.0302693,-0.0817601,-0.130251,0.98764,0.1,0,0,0,0,0,0,0.1,0,0,0,0,0,0,0.1,0,0,0,0,0,0,0.1,0,0,0,0,0,0,0.1,0,0,0,0,0,0,0.1,0,0,0,0,0,0,0,0,0,0,0,0,0,0,0,0,0,0,0,0,0,0,0,0,0,0,0,0,0,0,0,0,0,0,0,0,0,0,0,0,0,0,lidar_odom,robot0/base_link,
90,7.5e+08,0.011866,-0.0735445,-0.236368,-0.0245761,-0.0834226,-0.149089,0.984992,0.1,0,0,0,0,0,0,0.1,0,0,0,0,0,0,0.1,0,0,0,0,0,0,0.1,0,0,0,0,0,0,0.1,0,0,0,0,0,0,0.1,0,0,0,0,0,0,0,0,0,0,0,0,0,0,0,0,0,0,0,0,0,0,0,0,0,0,0,0,0,0,0,0,0,0,0,0,0,0,0,0,0,0,lidar_odom,robot0/base_link,
90,9.53e+08,0.0159713,-0.117071,-0.0780784,-0.0383073,-0.0845486,-0.173811,0.980395,0.1,0,0,0,0,0,0,0.1,0,0,0,0,0,0,0.1,0,0,0,0,0,0,0.1,0,0,0,0,0,0,0.1,0,0,0,0,0,0,0.1,0,0,0,0,0,0,0,0,0,0,0,0,0,0,0,0,0,0,0,0,0,0,0,0,0,0,0,0,0,0,0,0,0,0,0,0,0,0,0,0,0,0,lidar_odom,robot0/base_link,
91,1.61e+08,0.0347873,-0.166748,0.0585274,-0.0466701,-0.0810997,-0.195268,0.976276,0.1,0,0,0,0,0,0,0.1,0,0,0,0,0,0,0.1,0,0,0,0,0,0,0.1,0,0,0,0,0,0,0.1,0,0,0,0,0,0,0.1,0,0,0,0,0,0,0,0,0,0,0,0,0,0,0,0,0,0,0,0,0,0,0,0,0,0,0,0,0,0,0,0,0,0,0,0,0,0,0,0,0,0,lidar_odom,robot0/base_link,
91,2.94e+08,0.010038,-0.15893,0.19944,-0.0536117,-0.0763414,-0.218865,0.971286,0.1,0,0,0,0,0,0,0.1,0,0,0,0,0,0,0.1,0,0,0,0,0,0,0.1,0,0,0,0,0,0,0.1,0,0,0,0,0,0,0.1,0,0,0,0,0,0,0,0,0,0,0,0,0,0,0,0,0,0,0,0,0,0,0,0,0,0,0,0,0,0,0,0,0,0,0,0,0,0,0,0,0,0,lidar_odom,robot0/base_link,
91,4.96e+08,0.0590435,-0.225035,0.321139,-0.0624382,-0.0745942,-0.238628,0.966227,0.1,0,0,0,0,0,0,0.1,0,0,0,0,0,0,0.1,0,0,0,0,0,0,0.1,0,0,0,0,0,0,0.1,0,0,0,0,0,0,0.1,0,0,0,0,0,0,0,0,0,0,0,0,0,0,0,0,0,0,0,0,0,0,0,0,0,0,0,0,0,0,0,0,0,0,0,0,0,0,0,0,0,0,lidar_odom,robot0/base_link,
91,6.92e+08,0.0563926,-0.255144,0.350844,-0.0620449,-0.0678743,-0.25793,0.961777,0.1,0,0,0,0,0,0,0.1,0,0,0,0,0,0,0.1,0,0,0,0,0,0,0.1,0,0,0,0,0,0,0.1,0,0,0,0,0,0,0.1,0,0,0,0,0,0,0,0,0,0,0,0,0,0,0,0,0,0,0,0,0,0,0,0,0,0,0,0,0,0,0,0,0,0,0,0,0,0,0,0,0,0,lidar_odom,robot0/base_link,
91,8.92e+08,-0.0207633,-0.188331,0.384062,-0.0540144,-0.0560247,-0.283099,0.955928,0.1,0,0,0,0,0,0,0.1,0,0,0,0,0,0,0.1,0,0,0,0,0,0,0.1,0,0,0,0,0,0,0.1,0,0,0,0,0,0,0.1,0,0,0,0,0,0,0,0,0,0,0,0,0,0,0,0,0,0,0,0,0,0,0,0,0,0,0,0,0,0,0,0,0,0,0,0,0,0,0,0,0,0,lidar_odom,robot0/base_link,
92,1.59e+08,-0.140124,-0.111695,0.490015,-0.0392069,-0.0388965,-0.309549,0.949278,0.1,0,0,0,0,0,0,0.1,0,0,0,0,0,0,0.1,0,0,0,0,0,0,0.1,0,0,0,0,0,0,0.1,0,0,0,0,0,0,0.1,0,0,0,0,0,0,0,0,0,0,0,0,0,0,0,0,0,0,0,0,0,0,0,0,0,0,0,0,0,0,0,0,0,0,0,0,0,0,0,0,0,0,lidar_odom,robot0/base_link,
92,3.64e+08,-0.110714,-0.108985,0.560071,-0.0341459,-0.0328528,-0.3312,0.94237,0.1,0,0,0,0,0,0,0.1,0,0,0,0,0,0,0.1,0,0,0,0,0,0,0.1,0,0,0,0,0,0,0.1,0,0,0,0,0,0,0.1,0,0,0,0,0,0,0,0,0,0,0,0,0,0,0,0,0,0,0,0,0,0,0,0,0,0,0,0,0,0,0,0,0,0,0,0,0,0,0,0,0,0,lidar_odom,robot0/base_link,
92,5.73e+08,-0.0837915,-0.0819083,0.6138,-0.0319849,-0.0266605,-0.356467,0.93338,0.1,0,0,0,0,0,0,0.1,0,0,0,0,0,0,0.1,0,0,0,0,0,0,0.1,0,0,0,0,0,0,0.1,0,0,0,0,0,0,0.1,0,0,0,0,0,0,0,0,0,0,0,0,0,0,0,0,0,0,0,0,0,0,0,0,0,0,0,0,0,0,0,0,0,0,0,0,0,0,0,0,0,0,lidar_odom,robot0/base_link,
92,7.8e+08,-0.0501383,-0.095179,0.634467,-0.0274368,-0.0184893,-0.376938,0.925648,0.1,0,0,0,0,0,0,0.1,0,0,0,0,0,0,0.1,0,0,0,0,0,0,0.1,0,0,0,0,0,0,0.1,0,0,0,0,0,0,0.1,0,0,0,0,0,0,0,0,0,0,0,0,0,0,0,0,0,0,0,0,0,0,0,0,0,0,0,0,0,0,0,0,0,0,0,0,0,0,0,0,0,0,lidar_odom,robot0/base_link,
92,9.78e+08,-0.0452274,-0.113042,0.597117,-0.024577,-0.0205062,-0.396485,0.917483,0.1,0,0,0,0,0,0,0.1,0,0,0,0,0,0,0.1,0,0,0,0,0,0,0.1,0,0,0,0,0,0,0.1,0,0,0,0,0,0,0.1,0,0,0,0,0,0,0,0,0,0,0,0,0,0,0,0,0,0,0,0,0,0,0,0,0,0,0,0,0,0,0,0,0,0,0,0,0,0,0,0,0,0,lidar_odom,robot0/base_link,
93,1.79e+08,-0.0259403,-0.124333,0.630314,-0.0237307,-0.0192893,-0.417188,0.908306,0.1,0,0,0,0,0,0,0.1,0,0,0,0,0,0,0.1,0,0,0,0,0,0,0.1,0,0,0,0,0,0,0.1,0,0,0,0,0,0,0.1,0,0,0,0,0,0,0,0,0,0,0,0,0,0,0,0,0,0,0,0,0,0,0,0,0,0,0,0,0,0,0,0,0,0,0,0,0,0,0,0,0,0,lidar_odom,robot0/base_link,
93,3.17e+08,0.0320486,-0.154911,0.648138,-0.0244735,-0.0240145,-0.436844,0.898883,0.1,0,0,0,0,0,0,0.1,0,0,0,0,0,0,0.1,0,0,0,0,0,0,0.1,0,0,0,0,0,0,0.1,0,0,0,0,0,0,0.1,0,0,0,0,0,0,0,0,0,0,0,0,0,0,0,0,0,0,0,0,0,0,0,0,0,0,0,0,0,0,0,0,0,0,0,0,0,0,0,0,0,0,lidar_odom,robot0/base_link,
93,5.79e+08,0.0649631,-0.179677,0.606031,-0.0309071,-0.0288765,-0.456777,0.888575,0.1,0,0,0,0,0,0,0.1,0,0,0,0,0,0,0.1,0,0,0,0,0,0,0.1,0,0,0,0,0,0,0.1,0,0,0,0,0,0,0.1,0,0,0,0,0,0,0,0,0,0,0,0,0,0,0,0,0,0,0,0,0,0,0,0,0,0,0,0,0,0,0,0,0,0,0,0,0,0,0,0,0,0,lidar_odom,robot0/base_link,
93,7.74e+08,0.100994,-0.247529,0.514321,-0.0369244,-0.0416642,-0.476858,0.877216,0.1,0,0,0,0,0,0,0.1,0,0,0,0,0,0,0.1,0,0,0,0,0,0,0.1,0,0,0,0,0,0,0.1,0,0,0,0,0,0,0.1,0,0,0,0,0,0,0,0,0,0,0,0,0,0,0,0,0,0,0,0,0,0,0,0,0,0,0,0,0,0,0,0,0,0,0,0,0,0,0,0,0,0,lidar_odom,robot0/base_link,
93,9.69e+08,0.143786,-0.315147,0.429073,-0.0437139,-0.0551975,-0.495392,0.865811,0.1,0,0,0,0,0,0,0.1,0,0,0,0,0,0,0.1,0,0,0,0,0,0,0.1,0,0,0,0,0,0,0.1,0,0,0,0,0,0,0.1,0,0,0,0,0,0,0,0,0,0,0,0,0,0,0,0,0,0,0,0,0,0,0,0,0,0,0,0,0,0,0,0,0,0,0,0,0,0,0,0,0,0,lidar_odom,robot0/base_link,
94,1.64e+08,0.231365,-0.347566,0.313103,-0.051931,-0.0701429,-0.511942,0.854575,0.1,0,0,0,0,0,0,0.1,0,0,0,0,0,0,0.1,0,0,0,0,0,0,0.1,0,0,0,0,0,0,0.1,0,0,0,0,0,0,0.1,0,0,0,0,0,0,0,0,0,0,0,0,0,0,0,0,0,0,0,0,0,0,0,0,0,0,0,0,0,0,0,0,0,0,0,0,0,0,0,0,0,0,lidar_odom,robot0/base_link,
94,3.75e+08,0.219682,-0.360893,0.370915,-0.0431054,-0.0511126,-0.532837,0.843572,0.1,0,0,0,0,0,0,0.1,0,0,0,0,0,0,0.1,0,0,0,0,0,0,0.1,0,0,0,0,0,0,0.1,0,0,0,0,0,0,0.1,0,0,0,0,0,0,0,0,0,0,0,0,0,0,0,0,0,0,0,0,0,0,0,0,0,0,0,0,0,0,0,0,0,0,0,0,0,0,0,0,0,0,lidar_odom,robot0/base_link,
94,5.83e+08,0.17265,-0.327387,0.395274,-0.0319443,-0.0334495,-0.53617,0.842842,0.1,0,0,0,0,0,0,0.1,0,0,0,0,0,0,0.1,0,0,0,0,0,0,0.1,0,0,0,0,0,0,0.1,0,0,0,0,0,0,0.1,0,0,0,0,0,0,0,0,0,0,0,0,0,0,0,0,0,0,0,0,0,0,0,0,0,0,0,0,0,0,0,0,0,0,0,0,0,0,0,0,0,0,lidar_odom,robot0/base_link,
94,7.2e+08,0.102045,-0.296264,0.378878,-0.0170195,-0.0089898,-0.537396,0.84311,0.1,0,0,0,0,0,0,0.1,0,0,0,0,0,0,0.1,0,0,0,0,0,0,0.1,0,0,0,0,0,0,0.1,0,0,0,0,0,0,0.1,0,0,0,0,0,0,0,0,0,0,0,0,0,0,0,0,0,0,0,0,0,0,0,0,0,0,0,0,0,0,0,0,0,0,0,0,0,0,0,0,0,0,lidar_odom,robot0/base_link,
94,9.92e+08,0.0157172,-0.256104,0.36544,-0.000741681,0.0134045,-0.537685,0.843039,0.1,0,0,0,0,0,0,0.1,0,0,0,0,0,0,0.1,0,0,0,0,0,0,0.1,0,0,0,0,0,0,0.1,0,0,0,0,0,0,0.1,0,0,0,0,0,0,0,0,0,0,0,0,0,0,0,0,0,0,0,0,0,0,0,0,0,0,0,0,0,0,0,0,0,0,0,0,0,0,0,0,0,0,lidar_odom,robot0/base_link,
95,1.89e+08,0.0145886,-0.240038,0.346731,0.00368682,0.028545,-0.537127,0.84301,0.1,0,0,0,0,0,0,0.1,0,0,0,0,0,0,0.1,0,0,0,0,0,0,0.1,0,0,0,0,0,0,0.1,0,0,0,0,0,0,0.1,0,0,0,0,0,0,0,0,0,0,0,0,0,0,0,0,0,0,0,0,0,0,0,0,0,0,0,0,0,0,0,0,0,0,0,0,0,0,0,0,0,0,lidar_odom,robot0/base_link,
95,3.95e+08,-0.00134608,-0.248449,0.301957,0.00109975,0.0297043,-0.538891,0.841851,0.1,0,0,0,0,0,0,0.1,0,0,0,0,0,0,0.1,0,0,0,0,0,0,0.1,0,0,0,0,0,0,0.1,0,0,0,0,0,0,0.1,0,0,0,0,0,0,0,0,0,0,0,0,0,0,0,0,0,0,0,0,0,0,0,0,0,0,0,0,0,0,0,0,0,0,0,0,0,0,0,0,0,0,lidar_odom,robot0/base_link,
95,5.97e+08,0.0383577,-0.283525,0.137269,-0.00216114,0.0193077,-0.539262,0.841914,0.1,0,0,0,0,0,0,0.1,0,0,0,0,0,0,0.1,0,0,0,0,0,0,0.1,0,0,0,0,0,0,0.1,0,0,0,0,0,0,0.1,0,0,0,0,0,0,0,0,0,0,0,0,0,0,0,0,0,0,0,0,0,0,0,0,0,0,0,0,0,0,0,0,0,0,0,0,0,0,0,0,0,0,lidar_odom,robot0/base_link,
95,7.32e+08,0.108549,-0.345448,-0.0504496,-0.00602404,0.00707491,-0.538029,0.842875,0.1,0,0,0,0,0,0,0.1,0,0,0,0,0,0,0.1,0,0,0,0,0,0,0.1,0,0,0,0,0,0,0.1,0,0,0,0,0,0,0.1,0,0,0,0,0,0,0,0,0,0,0,0,0,0,0,0,0,0,0,0,0,0,0,0,0,0,0,0,0,0,0,0,0,0,0,0,0,0,0,0,0,0,lidar_odom,robot0/base_link,
96,1e+06,0.14765,-0.362175,-0.211658,-0.00635893,-0.000243829,-0.536844,0.843658,0.1,0,0,0,0,0,0,0.1,0,0,0,0,0,0,0.1,0,0,0,0,0,0,0.1,0,0,0,0,0,0,0.1,0,0,0,0,0,0,0.1,0,0,0,0,0,0,0,0,0,0,0,0,0,0,0,0,0,0,0,0,0,0,0,0,0,0,0,0,0,0,0,0,0,0,0,0,0,0,0,0,0,0,lidar_odom,robot0/base_link,
96,1.32e+08,0.114024,-0.400497,-0.304761,-0.00402336,-0.00390144,-0.536576,0.843833,0.1,0,0,0,0,0,0,0.1,0,0,0,0,0,0,0.1,0,0,0,0,0,0,0.1,0,0,0,0,0,0,0.1,0,0,0,0,0,0,0.1,0,0,0,0,0,0,0,0,0,0,0,0,0,0,0,0,0,0,0,0,0,0,0,0,0,0,0,0,0,0,0,0,0,0,0,0,0,0,0,0,0,0,lidar_odom,robot0/base_link,
96,3.39e+08,0.161255,-0.413706,-0.448312,-0.00274146,-0.0111908,-0.537041,0.843477,0.1,0,0,0,0,0,0,0.1,0,0,0,0,0,0,0.1,0,0,0,0,0,0,0.1,0,0,0,0,0,0,0.1,0,0,0,0,0,0,0.1,0,0,0,0,0,0,0,0,0,0,0,0,0,0,0,0,0,0,0,0,0,0,0,0,0,0,0,0,0,0,0,0,0,0,0,0,0,0,0,0,0,0,lidar_odom,robot0/base_link,
96,6.09e+08,0.167063,-0.441279,-0.566692,0.00267307,-0.0124095,-0.536563,0.843765,0.1,0,0,0,0,0,0,0.1,0,0,0,0,0,0,0.1,0,0,0,0,0,0,0.1,0,0,0,0,0,0,0.1,0,0,0,0,0,0,0.1,0,0,0,0,0,0,0,0,0,0,0,0,0,0,0,0,0,0,0,0,0,0,0,0,0,0,0,0,0,0,0,0,0,0,0,0,0,0,0,0,0,0,lidar_odom,robot0/base_link,
96,7.43e+08,0.196026,-0.456698,-0.575347,0.000978203,-0.0119937,-0.535609,0.844381,0.1,0,0,0,0,0,0,0.1,0,0,0,0,0,0,0.1,0,0,0,0,0,0,0.1,0,0,0,0,0,0,0.1,0,0,0,0,0,0,0.1,0,0,0,0,0,0,0,0,0,0,0,0,0,0,0,0,0,0,0,0,0,0,0,0,0,0,0,0,0,0,0,0,0,0,0,0,0,0,0,0,0,0,lidar_odom,robot0/base_link,
96,9.43e+08,0.219386,-0.523994,-0.548865,-0.00170274,-0.0168697,-0.534709,0.844866,0.1,0,0,0,0,0,0,0.1,0,0,0,0,0,0,0.1,0,0,0,0,0,0,0.1,0,0,0,0,0,0,0.1,0,0,0,0,0,0,0.1,0,0,0,0,0,0,0,0,0,0,0,0,0,0,0,0,0,0,0,0,0,0,0,0,0,0,0,0,0,0,0,0,0,0,0,0,0,0,0,0,0,0,lidar_odom,robot0/base_link,
97,1.43e+08,0.285573,-0.498984,-0.485638,-0.00306912,-0.0100092,-0.53424,0.845268,0.1,0,0,0,0,0,0,0.1,0,0,0,0,0,0,0.1,0,0,0,0,0,0,0.1,0,0,0,0,0,0,0.1,0,0,0,0,0,0,0.1,0,0,0,0,0,0,0,0,0,0,0,0,0,0,0,0,0,0,0,0,0,0,0,0,0,0,0,0,0,0,0,0,0,0,0,0,0,0,0,0,0,0,lidar_odom,robot0/base_link,
97,3.39e+08,0.245721,-0.534689,-0.392172,-0.00489399,-0.00125727,-0.534512,0.845146,0.1,0,0,0,0,0,0,0.1,0,0,0,0,0,0,0.1,0,0,0,0,0,0,0.1,0,0,0,0,0,0,0.1,0,0,0,0,0,0,0.1,0,0,0,0,0,0,0,0,0,0,0,0,0,0,0,0,0,0,0,0,0,0,0,0,0,0,0,0,0,0,0,0,0,0,0,0,0,0,0,0,0,0,lidar_odom,robot0/base_link,
97,5.99e+08,0.180896,-0.52692,-0.254207,-0.00770317,0.00634103,-0.535914,0.844213,0.1,0,0,0,0,0,0,0.1,0,0,0,0,0,0,0.1,0,0,0,0,0,0,0.1,0,0,0,0,0,0,0.1,0,0,0,0,0,0,0.1,0,0,0,0,0,0,0,0,0,0,0,0,0,0,0,0,0,0,0,0,0,0,0,0,0,0,0,0,0,0,0,0,0,0,0,0,0,0,0,0,0,0,lidar_odom,robot0/base_link,
97,7.29e+08,0.216314,-0.55601,-0.145745,-0.0147992,0.000376117,-0.535462,0.844429,0.1,0,0,0,0,0,0,0.1,0,0,0,0,0,0,0.1,0,0,0,0,0,0,0.1,0,0,0,0,0,0,0.1,0,0,0,0,0,0,0.1,0,0,0,0,0,0,0,0,0,0,0,0,0,0,0,0,0,0,0,0,0,0,0,0,0,0,0,0,0,0,0,0,0,0,0,0,0,0,0,0,0,0,lidar_odom,robot0/base_link,
97,9.24e+08,0.224391,-0.605824,-0.0249122,-0.0173654,-0.00177392,-0.533959,0.84533,0.1,0,0,0,0,0,0,0.1,0,0,0,0,0,0,0.1,0,0,0,0,0,0,0.1,0,0,0,0,0,0,0.1,0,0,0,0,0,0,0.1,0,0,0,0,0,0,0,0,0,0,0,0,0,0,0,0,0,0,0,0,0,0,0,0,0,0,0,0,0,0,0,0,0,0,0,0,0,0,0,0,0,0,lidar_odom,robot0/base_link,
98,1.85e+08,0.258999,-0.639538,-0.00707671,-0.0187632,-0.0146153,-0.534549,0.844802,0.1,0,0,0,0,0,0,0.1,0,0,0,0,0,0,0.1,0,0,0,0,0,0,0.1,0,0,0,0,0,0,0.1,0,0,0,0,0,0,0.1,0,0,0,0,0,0,0,0,0,0,0,0,0,0,0,0,0,0,0,0,0,0,0,0,0,0,0,0,0,0,0,0,0,0,0,0,0,0,0,0,0,0,lidar_odom,robot0/base_link,
98,3.8e+08,0.320467,-0.651824,0.00470251,-0.0120733,-0.0189921,-0.522343,0.852439,0.1,0,0,0,0,0,0,0.1,0,0,0,0,0,0,0.1,0,0,0,0,0,0,0.1,0,0,0,0,0,0,0.1,0,0,0,0,0,0,0.1,0,0,0,0,0,0,0,0,0,0,0,0,0,0,0,0,0,0,0,0,0,0,0,0,0,0,0,0,0,0,0,0,0,0,0,0,0,0,0,0,0,0,lidar_odom,robot0/base_link,
98,5.77e+08,0.307863,-0.639363,0.0981769,-0.0107387,-0.016884,-0.505072,0.862845,0.1,0,0,0,0,0,0,0.1,0,0,0,0,0,0,0.1,0,0,0,0,0,0,0.1,0,0,0,0,0,0,0.1,0,0,0,0,0,0,0.1,0,0,0,0,0,0,0,0,0,0,0,0,0,0,0,0,0,0,0,0,0,0,0,0,0,0,0,0,0,0,0,0,0,0,0,0,0,0,0,0,0,0,lidar_odom,robot0/base_link,
98,7.11e+08,0.253436,-0.66323,0.287714,-0.0191284,-0.00883307,-0.485125,0.874191,0.1,0,0,0,0,0,0,0.1,0,0,0,0,0,0,0.1,0,0,0,0,0,0,0.1,0,0,0,0,0,0,0.1,0,0,0,0,0,0,0.1,0,0,0,0,0,0,0,0,0,0,0,0,0,0,0,0,0,0,0,0,0,0,0,0,0,0,0,0,0,0,0,0,0,0,0,0,0,0,0,0,0,0,lidar_odom,robot0/base_link,
98,9.06e+08,0.309458,-0.707228,0.295009,-0.0258859,-0.00490561,-0.463013,0.88596,0.1,0,0,0,0,0,0,0.1,0,0,0,0,0,0,0.1,0,0,0,0,0,0,0.1,0,0,0,0,0,0,0.1,0,0,0,0,0,0,0.1,0,0,0,0,0,0,0,0,0,0,0,0,0,0,0,0,0,0,0,0,0,0,0,0,0,0,0,0,0,0,0,0,0,0,0,0,0,0,0,0,0,0,lidar_odom,robot0/base_link,
99,1.74e+08,0.37952,-0.739895,0.215474,-0.035228,-0.0068481,-0.440776,0.896899,0.1,0,0,0,0,0,0,0.1,0,0,0,0,0,0,0.1,0,0,0,0,0,0,0.1,0,0,0,0,0,0,0.1,0,0,0,0,0,0,0.1,0,0,0,0,0,0,0,0,0,0,0,0,0,0,0,0,0,0,0,0,0,0,0,0,0,0,0,0,0,0,0,0,0,0,0,0,0,0,0,0,0,0,lidar_odom,robot0/base_link,
99,3.1e+08,0.395152,-0.751604,0.122586,-0.0433822,-0.00926231,-0.420915,0.906015,0.1,0,0,0,0,0,0,0.1,0,0,0,0,0,0,0.1,0,0,0,0,0,0,0.1,0,0,0,0,0,0,0.1,0,0,0,0,0,0,0.1,0,0,0,0,0,0,0,0,0,0,0,0,0,0,0,0,0,0,0,0,0,0,0,0,0,0,0,0,0,0,0,0,0,0,0,0,0,0,0,0,0,0,lidar_odom,robot0/base_link,
99,5.85e+08,0.363505,-0.828151,0.0236413,-0.047661,-0.0111233,-0.398801,0.915731,0.1,0,0,0,0,0,0,0.1,0,0,0,0,0,0,0.1,0,0,0,0,0,0,0.1,0,0,0,0,0,0,0.1,0,0,0,0,0,0,0.1,0,0,0,0,0,0,0,0,0,0,0,0,0,0,0,0,0,0,0,0,0,0,0,0,0,0,0,0,0,0,0,0,0,0,0,0,0,0,0,0,0,0,lidar_odom,robot0/base_link,
99,7.9e+08,0.333849,-0.84291,-0.0323427,-0.0375195,-0.00359834,-0.377376,0.925293,0.1,0,0,0,0,0,0,0.1,0,0,0,0,0,0,0.1,0,0,0,0,0,0,0.1,0,0,0,0,0,0,0.1,0,0,0,0,0,0,0.1,0,0,0,0,0,0,0,0,0,0,0,0,0,0,0,0,0,0,0,0,0,0,0,0,0,0,0,0,0,0,0,0,0,0,0,0,0,0,0,0,0,0,lidar_odom,robot0/base_link,
99,9.91e+08,0.358613,-0.829357,-0.10693,-0.0297243,0.00188354,-0.356323,0.933888,0.1,0,0,0,0,0,0,0.1,0,0,0,0,0,0,0.1,0,0,0,0,0,0,0.1,0,0,0,0,0,0,0.1,0,0,0,0,0,0,0.1,0,0,0,0,0,0,0,0,0,0,0,0,0,0,0,0,0,0,0,0,0,0,0,0,0,0,0,0,0,0,0,0,0,0,0,0,0,0,0,0,0,0,lidar_odom,robot0/base_link,
100,1.95e+08,0.397531,-0.795574,-0.132817,-0.0179757,0.00928352,-0.334217,0.942279,0.1,0,0,0,0,0,0,0.1,0,0,0,0,0,0,0.1,0,0,0,0,0,0,0.1,0,0,0,0,0,0,0.1,0,0,0,0,0,0,0.1,0,0,0,0,0,0,0,0,0,0,0,0,0,0,0,0,0,0,0,0,0,0,0,0,0,0,0,0,0,0,0,0,0,0,0,0,0,0,0,0,0,0,lidar_odom,robot0/base_link,
100,4.06e+08,0.407712,-0.765865,-0.159486,-0.00593919,0.0176342,-0.31245,0.949752,0.1,0,0,0,0,0,0,0.1,0,0,0,0,0,0,0.1,0,0,0,0,0,0,0.1,0,0,0,0,0,0,0.1,0,0,0,0,0,0,0.1,0,0,0,0,0,0,0,0,0,0,0,0,0,0,0,0,0,0,0,0,0,0,0,0,0,0,0,0,0,0,0,0,0,0,0,0,0,0,0,0,0,0,lidar_odom,robot0/base_link,
100,6.05e+08,0.436214,-0.764215,-0.159523,0.000818824,0.0181259,-0.290146,0.95681,0.1,0,0,0,0,0,0,0.1,0,0,0,0,0,0,0.1,0,0,0,0,0,0,0.1,0,0,0,0,0,0,0.1,0,0,0,0,0,0,0.1,0,0,0,0,0,0,0,0,0,0,0,0,0,0,0,0,0,0,0,0,0,0,0,0,0,0,0,0,0,0,0,0,0,0,0,0,0,0,0,0,0,0,lidar_odom,robot0/base_link,
100,8.17e+08,0.449554,-0.806391,-0.110949,-0.0033282,0.0142967,-0.266423,0.963744,0.1,0,0,0,0,0,0,0.1,0,0,0,0,0,0,0.1,0,0,0,0,0,0,0.1,0,0,0,0,0,0,0.1,0,0,0,0,0,0,0.1,0,0,0,0,0,0,0,0,0,0,0,0,0,0,0,0,0,0,0,0,0,0,0,0,0,0,0,0,0,0,0,0,0,0,0,0,0,0,0,0,0,0,lidar_odom,robot0/base_link,
101,1.3e+07,0.463481,-0.825077,0.00591269,-0.0119235,0.0124876,-0.245485,0.969247,0.1,0,0,0,0,0,0,0.1,0,0,0,0,0,0,0.1,0,0,0,0,0,0,0.1,0,0,0,0,0,0,0.1,0,0,0,0,0,0,0.1,0,0,0,0,0,0,0,0,0,0,0,0,0,0,0,0,0,0,0,0,0,0,0,0,0,0,0,0,0,0,0,0,0,0,0,0,0,0,0,0,0,0,lidar_odom,robot0/base_link,
101,2.11e+08,0.471353,-0.875223,0.133505,-0.0202708,0.0106637,-0.222664,0.974626,0.1,0,0,0,0,0,0,0.1,0,0,0,0,0,0,0.1,0,0,0,0,0,0,0.1,0,0,0,0,0,0,0.1,0,0,0,0,0,0,0.1,0,0,0,0,0,0,0,0,0,0,0,0,0,0,0,0,0,0,0,0,0,0,0,0,0,0,0,0,0,0,0,0,0,0,0,0,0,0,0,0,0,0,lidar_odom,robot0/base_link,
101,3.51e+08,0.507107,-0.86869,0.274787,-0.024772,0.0131861,-0.200205,0.979352,0.1,0,0,0,0,0,0,0.1,0,0,0,0,0,0,0.1,0,0,0,0,0,0,0.1,0,0,0,0,0,0,0.1,0,0,0,0,0,0,0.1,0,0,0,0,0,0,0,0,0,0,0,0,0,0,0,0,0,0,0,0,0,0,0,0,0,0,0,0,0,0,0,0,0,0,0,0,0,0,0,0,0,0,lidar_odom,robot0/base_link,
101,6.13e+08,0.523481,-0.874121,0.395281,-0.0272614,0.0164431,-0.177848,0.983543,0.1,0,0,0,0,0,0,0.1,0,0,0,0,0,0,0.1,0,0,0,0,0,0,0.1,0,0,0,0,0,0,0.1,0,0,0,0,0,0,0.1,0,0,0,0,0,0,0,0,0,0,0,0,0,0,0,0,0,0,0,0,0,0,0,0,0,0,0,0,0,0,0,0,0,0,0,0,0,0,0,0,0,0,lidar_odom,robot0/base_link,
101,7.45e+08,0.546569,-0.888253,0.48173,-0.0295086,0.0172443,-0.155168,0.987297,0.1,0,0,0,0,0,0,0.1,0,0,0,0,0,0,0.1,0,0,0,0,0,0,0.1,0,0,0,0,0,0,0.1,0,0,0,0,0,0,0.1,0,0,0,0,0,0,0,0,0,0,0,0,0,0,0,0,0,0,0,0,0,0,0,0,0,0,0,0,0,0,0,0,0,0,0,0,0,0,0,0,0,0,lidar_odom,robot0/base_link,
102,1.7e+07,0.575249,-0.898878,0.492711,-0.0287866,0.0162583,-0.132223,0.990668,0.1,0,0,0,0,0,0,0.1,0,0,0,0,0,0,0.1,0,0,0,0,0,0,0.1,0,0,0,0,0,0,0.1,0,0,0,0,0,0,0.1,0,0,0,0,0,0,0,0,0,0,0,0,0,0,0,0,0,0,0,0,0,0,0,0,0,0,0,0,0,0,0,0,0,0,0,0,0,0,0,0,0,0,lidar_odom,robot0/base_link,
102,2.14e+08,0.601299,-0.860104,0.509303,-0.0241805,0.0228178,-0.111843,0.99317,0.1,0,0,0,0,0,0,0.1,0,0,0,0,0,0,0.1,0,0,0,0,0,0,0.1,0,0,0,0,0,0,0.1,0,0,0,0,0,0,0.1,0,0,0,0,0,0,0,0,0,0,0,0,0,0,0,0,0,0,0,0,0,0,0,0,0,0,0,0,0,0,0,0,0,0,0,0,0,0,0,0,0,0,lidar_odom,robot0/base_link,
102,3.48e+08,0.62322,-0.861361,0.489144,-0.0211486,0.0275678,-0.088086,0.995507,0.1,0,0,0,0,0,0,0.1,0,0,0,0,0,0,0.1,0,0,0,0,0,0,0.1,0,0,0,0,0,0,0.1,0,0,0,0,0,0,0.1,0,0,0,0,0,0,0,0,0,0,0,0,0,0,0,0,0,0,0,0,0,0,0,0,0,0,0,0,0,0,0,0,0,0,0,0,0,0,0,0,0,0,lidar_odom,robot0/base_link,
102,5.68e+08,0.640549,-0.906903,0.437924,-0.0257329,0.0273415,-0.0630601,0.997303,0.1,0,0,0,0,0,0,0.1,0,0,0,0,0,0,0.1,0,0,0,0,0,0,0.1,0,0,0,0,0,0,0.1,0,0,0,0,0,0,0.1,0,0,0,0,0,0,0,0,0,0,0,0,0,0,0,0,0,0,0,0,0,0,0,0,0,0,0,0,0,0,0,0,0,0,0,0,0,0,0,0,0,0,lidar_odom,robot0/base_link,
102,8.32e+08,0.652812,-0.907937,0.400929,-0.0293306,0.0276182,-0.0406137,0.998362,0.1,0,0,0,0,0,0,0.1,0,0,0,0,0,0,0.1,0,0,0,0,0,0,0.1,0,0,0,0,0,0,0.1,0,0,0,0,0,0,0.1,0,0,0,0,0,0,0,0,0,0,0,0,0,0,0,0,0,0,0,0,0,0,0,0,0,0,0,0,0,0,0,0,0,0,0,0,0,0,0,0,0,0,lidar_odom,robot0/base_link,
103,2.9e+07,0.671688,-0.879426,0.37676,-0.0275782,0.0308323,-0.0196494,0.998951,0.1,0,0,0,0,0,0,0.1,0,0,0,0,0,0,0.1,0,0,0,0,0,0,0.1,0,0,0,0,0,0,0.1,0,0,0,0,0,0,0.1,0,0,0,0,0,0,0,0,0,0,0,0,0,0,0,0,0,0,0,0,0,0,0,0,0,0,0,0,0,0,0,0,0,0,0,0,0,0,0,0,0,0,lidar_odom,robot0/base_link,
103,2.38e+08,0.687372,-0.857981,0.285587,-0.0202867,0.0335093,0.00350711,0.999226,0.1,0,0,0,0,0,0,0.1,0,0,0,0,0,0,0.1,0,0,0,0,0,0,0.1,0,0,0,0,0,0,0.1,0,0,0,0,0,0,0.1,0,0,0,0,0,0,0,0,0,0,0,0,0,0,0,0,0,0,0,0,0,0,0,0,0,0,0,0,0,0,0,0,0,0,0,0,0,0,0,0,0,0,lidar_odom,robot0/base_link,
103,4.47e+08,0.74017,-0.866025,0.368907,-0.0210118,0.0387162,0.0274674,0.998652,0.1,0,0,0,0,0,0,0.1,0,0,0,0,0,0,0.1,0,0,0,0,0,0,0.1,0,0,0,0,0,0,0.1,0,0,0,0,0,0,0.1,0,0,0,0,0,0,0,0,0,0,0,0,0,0,0,0,0,0,0,0,0,0,0,0,0,0,0,0,0,0,0,0,0,0,0,0,0,0,0,0,0,0,lidar_odom,robot0/base_link,
103,5.85e+08,0.743232,-0.880857,0.421023,-0.0248221,0.0438248,0.0522455,0.997363,0.1,0,0,0,0,0,0,0.1,0,0,0,0,0,0,0.1,0,0,0,0,0,0,0.1,0,0,0,0,0,0,0.1,0,0,0,0,0,0,0.1,0,0,0,0,0,0,0,0,0,0,0,0,0,0,0,0,0,0,0,0,0,0,0,0,0,0,0,0,0,0,0,0,0,0,0,0,0,0,0,0,0,0,lidar_odom,robot0/base_link,
103,7.89e+08,0.727081,-0.898518,0.404985,-0.0207734,0.0455867,0.0745943,0.995955,0.1,0,0,0,0,0,0,0.1,0,0,0,0,0,0,0.1,0,0,0,0,0,0,0.1,0,0,0,0,0,0,0.1,0,0,0,0,0,0,0.1,0,0,0,0,0,0,0,0,0,0,0,0,0,0,0,0,0,0,0,0,0,0,0,0,0,0,0,0,0,0,0,0,0,0,0,0,0,0,0,0,0,0,lidar_odom,robot0/base_link,
104,6.3e+07,0.690624,-0.865814,0.418365,-0.0117399,0.0542108,0.0969856,0.993739,0.1,0,0,0,0,0,0,0.1,0,0,0,0,0,0,0.1,0,0,0,0,0,0,0.1,0,0,0,0,0,0,0.1,0,0,0,0,0,0,0.1,0,0,0,0,0,0,0,0,0,0,0,0,0,0,0,0,0,0,0,0,0,0,0,0,0,0,0,0,0,0,0,0,0,0,0,0,0,0,0,0,0,0,lidar_odom,robot0/base_link,
104,2.72e+08,0.743079,-0.848843,0.44511,-0.0111211,0.0549348,0.11988,0.991205,0.1,0,0,0,0,0,0,0.1,0,0,0,0,0,0,0.1,0,0,0,0,0,0,0.1,0,0,0,0,0,0,0.1,0,0,0,0,0,0,0.1,0,0,0,0,0,0,0,0,0,0,0,0,0,0,0,0,0,0,0,0,0,0,0,0,0,0,0,0,0,0,0,0,0,0,0,0,0,0,0,0,0,0,lidar_odom,robot0/base_link,
104,4.76e+08,0.804932,-0.819701,0.486948,-0.0053749,0.0535816,0.143359,0.988205,0.1,0,0,0,0,0,0,0.1,0,0,0,0,0,0,0.1,0,0,0,0,0,0,0.1,0,0,0,0,0,0,0.1,0,0,0,0,0,0,0.1,0,0,0,0,0,0,0,0,0,0,0,0,0,0,0,0,0,0,0,0,0,0,0,0,0,0,0,0,0,0,0,0,0,0,0,0,0,0,0,0,0,0,lidar_odom,robot0/base_link,
104,6.08e+08,0.796789,-0.88194,0.564697,-0.0126928,0.048665,0.165627,0.984905,0.1,0,0,0,0,0,0,0.1,0,0,0,0,0,0,0.1,0,0,0,0,0,0,0.1,0,0,0,0,0,0,0.1,0,0,0,0,0,0,0.1,0,0,0,0,0,0,0,0,0,0,0,0,0,0,0,0,0,0,0,0,0,0,0,0,0,0,0,0,0,0,0,0,0,0,0,0,0,0,0,0,0,0,lidar_odom,robot0/base_link,
104,8.77e+08,0.793474,-0.846287,0.55423,-0.0173951,0.0415826,0.18785,0.981163,0.1,0,0,0,0,0,0,0.1,0,0,0,0,0,0,0.1,0,0,0,0,0,0,0.1,0,0,0,0,0,0,0.1,0,0,0,0,0,0,0.1,0,0,0,0,0,0,0,0,0,0,0,0,0,0,0,0,0,0,0,0,0,0,0,0,0,0,0,0,0,0,0,0,0,0,0,0,0,0,0,0,0,0,lidar_odom,robot0/base_link,
105,1e+07,0.882543,-0.816831,0.583031,-0.0106747,0.0340043,0.211149,0.976804,0.1,0,0,0,0,0,0,0.1,0,0,0,0,0,0,0.1,0,0,0,0,0,0,0.1,0,0,0,0,0,0,0.1,0,0,0,0,0,0,0.1,0,0,0,0,0,0,0,0,0,0,0,0,0,0,0,0,0,0,0,0,0,0,0,0,0,0,0,0,0,0,0,0,0,0,0,0,0,0,0,0,0,0,lidar_odom,robot0/base_link,
105,2.1e+08,0.90322,-0.762829,0.537954,0.012463,0.0310546,0.23326,0.971838,0.1,0,0,0,0,0,0,0.1,0,0,0,0,0,0,0.1,0,0,0,0,0,0,0.1,0,0,0,0,0,0,0.1,0,0,0,0,0,0,0.1,0,0,0,0,0,0,0,0,0,0,0,0,0,0,0,0,0,0,0,0,0,0,0,0,0,0,0,0,0,0,0,0,0,0,0,0,0,0,0,0,0,0,lidar_odom,robot0/base_link,
105,4.71e+08,0.908957,-0.67702,0.553949,0.0313541,0.0284098,0.2535,0.96641,0.1,0,0,0,0,0,0,0.1,0,0,0,0,0,0,0.1,0,0,0,0,0,0,0.1,0,0,0,0,0,0,0.1,0,0,0,0,0,0,0.1,0,0,0,0,0,0,0,0,0,0,0,0,0,0,0,0,0,0,0,0,0,0,0,0,0,0,0,0,0,0,0,0,0,0,0,0,0,0,0,0,0,0,lidar_odom,robot0/base_link,
105,6.73e+08,0.882403,-0.681232,0.568343,0.0388036,0.0237449,0.27546,0.960235,0.1,0,0,0,0,0,0,0.1,0,0,0,0,0,0,0.1,0,0,0,0,0,0,0.1,0,0,0,0,0,0,0.1,0,0,0,0,0,0,0.1,0,0,0,0,0,0,0,0,0,0,0,0,0,0,0,0,0,0,0,0,0,0,0,0,0,0,0,0,0,0,0,0,0,0,0,0,0,0,0,0,0,0,lidar_odom,robot0/base_link,
105,8.72e+08,0.89053,-0.696501,0.731789,0.0228647,0.027315,0.297079,0.954188,0.1,0,0,0,0,0,0,0.1,0,0,0,0,0,0,0.1,0,0,0,0,0,0,0.1,0,0,0,0,0,0,0.1,0,0,0,0,0,0,0.1,0,0,0,0,0,0,0,0,0,0,0,0,0,0,0,0,0,0,0,0,0,0,0,0,0,0,0,0,0,0,0,0,0,0,0,0,0,0,0,0,0,0,lidar_odom,robot0/base_link,
106,7.8e+07,0.947016,-0.706523,0.82838,0.0101351,0.0291412,0.321565,0.946385,0.1,0,0,0,0,0,0,0.1,0,0,0,0,0,0,0.1,0,0,0,0,0,0,0.1,0,0,0,0,0,0,0.1,0,0,0,0,0,0,0.1,0,0,0,0,0,0,0,0,0,0,0,0,0,0,0,0,0,0,0,0,0,0,0,0,0,0,0,0,0,0,0,0,0,0,0,0,0,0,0,0,0,0,lidar_odom,robot0/base_link,
106,2.8e+08,0.951769,-0.755175,0.827619,-0.00304568,0.0258426,0.344408,0.938459,0.1,0,0,0,0,0,0,0.1,0,0,0,0,0,0,0.1,0,0,0,0,0,0,0.1,0,0,0,0,0,0,0.1,0,0,0,0,0,0,0.1,0,0,0,0,0,0,0,0,0,0,0,0,0,0,0,0,0,0,0,0,0,0,0,0,0,0,0,0,0,0,0,0,0,0,0,0,0,0,0,0,0,0,lidar_odom,robot0/base_link,
106,4.12e+08,1.04778,-0.705395,0.874019,-0.00238267,0.0208311,0.365781,0.930465,0.1,0,0,0,0,0,0,0.1,0,0,0,0,0,0,0.1,0,0,0,0,0,0,0.1,0,0,0,0,0,0,0.1,0,0,0,0,0,0,0.1,0,0,0,0,0,0,0,0,0,0,0,0,0,0,0,0,0,0,0,0,0,0,0,0,0,0,0,0,0,0,0,0,0,0,0,0,0,0,0,0,0,0,lidar_odom,robot0/base_link,
106,6.88e+08,1.05992,-0.717584,0.859809,-0.0110855,0.0210533,0.387565,0.921535,0.1,0,0,0,0,0,0,0.1,0,0,0,0,0,0,0.1,0,0,0,0,0,0,0.1,0,0,0,0,0,0,0.1,0,0,0,0,0,0,0.1,0,0,0,0,0,0,0,0,0,0,0,0,0,0,0,0,0,0,0,0,0,0,0,0,0,0,0,0,0,0,0,0,0,0,0,0,0,0,0,0,0,0,lidar_odom,robot0/base_link,
106,8.84e+08,1.04005,-0.736243,0.815303,-0.0157024,0.0192958,0.408075,0.912609,0.1,0,0,0,0,0,0,0.1,0,0,0,0,0,0,0.1,0,0,0,0,0,0,0.1,0,0,0,0,0,0,0.1,0,0,0,0,0,0,0.1,0,0,0,0,0,0,0,0,0,0,0,0,0,0,0,0,0,0,0,0,0,0,0,0,0,0,0,0,0,0,0,0,0,0,0,0,0,0,0,0,0,0,lidar_odom,robot0/base_link,
107,8.6e+07,1.09939,-0.695183,0.743096,-0.0173677,0.0173689,0.429585,0.902692,0.1,0,0,0,0,0,0,0.1,0,0,0,0,0,0,0.1,0,0,0,0,0,0,0.1,0,0,0,0,0,0,0.1,0,0,0,0,0,0,0.1,0,0,0,0,0,0,0,0,0,0,0,0,0,0,0,0,0,0,0,0,0,0,0,0,0,0,0,0,0,0,0,0,0,0,0,0,0,0,0,0,0,0,lidar_odom,robot0/base_link,
107,2.88e+08,1.13304,-0.700018,0.646108,-0.022513,0.0153625,0.450536,0.892342,0.1,0,0,0,0,0,0,0.1,0,0,0,0,0,0,0.1,0,0,0,0,0,0,0.1,0,0,0,0,0,0,0.1,0,0,0,0,0,0,0.1,0,0,0,0,0,0,0,0,0,0,0,0,0,0,0,0,0,0,0,0,0,0,0,0,0,0,0,0,0,0,0,0,0,0,0,0,0,0,0,0,0,0,lidar_odom,robot0/base_link,
107,4.91e+08,1.15541,-0.665493,0.467077,-0.0235055,0.00983063,0.470063,0.882265,0.1,0,0,0,0,0,0,0.1,0,0,0,0,0,0,0.1,0,0,0,0,0,0,0.1,0,0,0,0,0,0,0.1,0,0,0,0,0,0,0.1,0,0,0,0,0,0,0,0,0,0,0,0,0,0,0,0,0,0,0,0,0,0,0,0,0,0,0,0,0,0,0,0,0,0,0,0,0,0,0,0,0,0,lidar_odom,robot0/base_link,
107,6.26e+08,1.12585,-0.656036,0.439591,-0.0263787,0.0145905,0.489874,0.871272,0.1,0,0,0,0,0,0,0.1,0,0,0,0,0,0,0.1,0,0,0,0,0,0,0.1,0,0,0,0,0,0,0.1,0,0,0,0,0,0,0.1,0,0,0,0,0,0,0,0,0,0,0,0,0,0,0,0,0,0,0,0,0,0,0,0,0,0,0,0,0,0,0,0,0,0,0,0,0,0,0,0,0,0,lidar_odom,robot0/base_link,
107,8.91e+08,1.13015,-0.626587,0.369986,-0.0159517,0.0170649,0.509833,0.859956,0.1,0,0,0,0,0,0,0.1,0,0,0,0,0,0,0.1,0,0,0,0,0,0,0.1,0,0,0,0,0,0,0.1,0,0,0,0,0,0,0.1,0,0,0,0,0,0,0,0,0,0,0,0,0,0,0,0,0,0,0,0,0,0,0,0,0,0,0,0,0,0,0,0,0,0,0,0,0,0,0,0,0,0,lidar_odom,robot0/base_link,
108,8.8e+07,1.15203,-0.561898,0.348892,0.000761883,0.0199071,0.529527,0.848059,0.1,0,0,0,0,0,0,0.1,0,0,0,0,0,0,0.1,0,0,0,0,0,0,0.1,0,0,0,0,0,0,0.1,0,0,0,0,0,0,0.1,0,0,0,0,0,0,0,0,0,0,0,0,0,0,0,0,0,0,0,0,0,0,0,0,0,0,0,0,0,0,0,0,0,0,0,0,0,0,0,0,0,0,lidar_odom,robot0/base_link,
108,2.9e+08,1.09697,-0.508405,0.311284,0.0257755,0.0209889,0.547733,0.835992,0.1,0,0,0,0,0,0,0.1,0,0,0,0,0,0,0.1,0,0,0,0,0,0,0.1,0,0,0,0,0,0,0.1,0,0,0,0,0,0,0.1,0,0,0,0,0,0,0,0,0,0,0,0,0,0,0,0,0,0,0,0,0,0,0,0,0,0,0,0,0,0,0,0,0,0,0,0,0,0,0,0,0,0,lidar_odom,robot0/base_link,
108,4.22e+08,1.04769,-0.458694,0.316454,0.0392425,0.0268164,0.565124,0.823636,0.1,0,0,0,0,0,0,0.1,0,0,0,0,0,0,0.1,0,0,0,0,0,0,0.1,0,0,0,0,0,0,0.1,0,0,0,0,0,0,0.1,0,0,0,0,0,0,0,0,0,0,0,0,0,0,0,0,0,0,0,0,0,0,0,0,0,0,0,0,0,0,0,0,0,0,0,0,0,0,0,0,0,0,lidar_odom,robot0/base_link,
108,6.83e+08,1.0232,-0.43596,0.381121,0.0554284,0.0348999,0.582482,0.8102,0.1,0,0,0,0,0,0,0.1,0,0,0,0,0,0,0.1,0,0,0,0,0,0,0.1,0,0,0,0,0,0,0.1,0,0,0,0,0,0,0.1,0,0,0,0,0,0,0,0,0,0,0,0,0,0,0,0,0,0,0,0,0,0,0,0,0,0,0,0,0,0,0,0,0,0,0,0,0,0,0,0,0,0,lidar_odom,robot0/base_link,
108,8.87e+08,0.983353,-0.423282,0.512254,0.0539934,0.0493674,0.599443,0.797067,0.1,0,0,0,0,0,0,0.1,0,0,0,0,0,0,0.1,0,0,0,0,0,0,0.1,0,0,0,0,0,0,0.1,0,0,0,0,0,0,0.1,0,0,0,0,0,0,0,0,0,0,0,0,0,0,0,0,0,0,0,0,0,0,0,0,0,0,0,0,0,0,0,0,0,0,0,0,0,0,0,0,0,0,lidar_odom,robot0/base_link,
109,8.6e+07,0.993018,-0.461834,0.47821,0.0425762,0.0616153,0.618991,0.781819,0.1,0,0,0,0,0,0,0.1,0,0,0,0,0,0,0.1,0,0,0,0,0,0,0.1,0,0,0,0,0,0,0.1,0,0,0,0,0,0,0.1,0,0,0,0,0,0,0,0,0,0,0,0,0,0,0,0,0,0,0,0,0,0,0,0,0,0,0,0,0,0,0,0,0,0,0,0,0,0,0,0,0,0,lidar_odom,robot0/base_link,
109,2.83e+08,1.03967,-0.492273,0.454811,0.0258711,0.0716988,0.638871,0.765529,0.1,0,0,0,0,0,0,0.1,0,0,0,0,0,0,0.1,0,0,0,0,0,0,0.1,0,0,0,0,0,0,0.1,0,0,0,0,0,0,0.1,0,0,0,0,0,0,0,0,0,0,0,0,0,0,0,0,0,0,0,0,0,0,0,0,0,0,0,0,0,0,0,0,0,0,0,0,0,0,0,0,0,0,lidar_odom,robot0/base_link,
109,4.85e+08,1.13476,-0.490612,0.515869,0.00961322,0.0753431,0.657224,0.749859,0.1,0,0,0,0,0,0,0.1,0,0,0,0,0,0,0.1,0,0,0,0,0,0,0.1,0,0,0,0,0,0,0.1,0,0,0,0,0,0,0.1,0,0,0,0,0,0,0,0,0,0,0,0,0,0,0,0,0,0,0,0,0,0,0,0,0,0,0,0,0,0,0,0,0,0,0,0,0,0,0,0,0,0,lidar_odom,robot0/base_link,
109,6.81e+08,1.18281,-0.473157,0.439796,0.00631132,0.071486,0.666409,0.742125,0.1,0,0,0,0,0,0,0.1,0,0,0,0,0,0,0.1,0,0,0,0,0,0,0.1,0,0,0,0,0,0,0.1,0,0,0,0,0,0,0.1,0,0,0,0,0,0,0,0,0,0,0,0,0,0,0,0,0,0,0,0,0,0,0,0,0,0,0,0,0,0,0,0,0,0,0,0,0,0,0,0,0,0,lidar_odom,robot0/base_link,
109,8.81e+08,1.15603,-0.482598,0.351558,0.00266111,0.0659403,0.666327,0.742734,0.1,0,0,0,0,0,0,0.1,0,0,0,0,0,0,0.1,0,0,0,0,0,0,0.1,0,0,0,0,0,0,0.1,0,0,0,0,0,0,0.1,0,0,0,0,0,0,0,0,0,0,0,0,0,0,0,0,0,0,0,0,0,0,0,0,0,0,0,0,0,0,0,0,0,0,0,0,0,0,0,0,0,0,lidar_odom,robot0/base_link,
110,7.9e+07,1.12863,-0.45181,0.294585,-0.00202978,0.0615125,0.665171,0.74415,0.1,0,0,0,0,0,0,0.1,0,0,0,0,0,0,0.1,0,0,0,0,0,0,0.1,0,0,0,0,0,0,0.1,0,0,0,0,0,0,0.1,0,0,0,0,0,0,0,0,0,0,0,0,0,0,0,0,0,0,0,0,0,0,0,0,0,0,0,0,0,0,0,0,0,0,0,0,0,0,0,0,0,0,lidar_odom,robot0/base_link,
110,2.13e+08,1.12766,-0.465211,0.217873,-0.0146052,0.0547424,0.665576,0.744176,0.1,0,0,0,0,0,0,0.1,0,0,0,0,0,0,0.1,0,0,0,0,0,0,0.1,0,0,0,0,0,0,0.1,0,0,0,0,0,0,0.1,0,0,0,0,0,0,0,0,0,0,0,0,0,0,0,0,0,0,0,0,0,0,0,0,0,0,0,0,0,0,0,0,0,0,0,0,0,0,0,0,0,0,lidar_odom,robot0/base_link,
110,4.8e+08,1.19857,-0.449837,0.181905,-0.0274688,0.047022,0.66603,0.743934,0.1,0,0,0,0,0,0,0.1,0,0,0,0,0,0,0.1,0,0,0,0,0,0,0.1,0,0,0,0,0,0,0.1,0,0,0,0,0,0,0.1,0,0,0,0,0,0,0,0,0,0,0,0,0,0,0,0,0,0,0,0,0,0,0,0,0,0,0,0,0,0,0,0,0,0,0,0,0,0,0,0,0,0,lidar_odom,robot0/base_link,
110,6.86e+08,1.20645,-0.380968,0.146349,-0.0194039,0.0357651,0.665005,0.745729,0.1,0,0,0,0,0,0,0.1,0,0,0,0,0,0,0.1,0,0,0,0,0,0,0.1,0,0,0,0,0,0,0.1,0,0,0,0,0,0,0.1,0,0,0,0,0,0,0,0,0,0,0,0,0,0,0,0,0,0,0,0,0,0,0,0,0,0,0,0,0,0,0,0,0,0,0,0,0,0,0,0,0,0,lidar_odom,robot0/base_link,
110,8.96e+08,1.21629,-0.321951,0.143152,-0.013784,0.0257214,0.665087,0.746195,0.1,0,0,0,0,0,0,0.1,0,0,0,0,0,0,0.1,0,0,0,0,0,0,0.1,0,0,0,0,0,0,0.1,0,0,0,0,0,0,0.1,0,0,0,0,0,0,0,0,0,0,0,0,0,0,0,0,0,0,0,0,0,0,0,0,0,0,0,0,0,0,0,0,0,0,0,0,0,0,0,0,0,0,lidar_odom,robot0/base_link,
111,3e+07,1.22411,-0.292549,0.165236,-0.00808981,0.0161696,0.665849,0.745867,0.1,0,0,0,0,0,0,0.1,0,0,0,0,0,0,0.1,0,0,0,0,0,0,0.1,0,0,0,0,0,0,0.1,0,0,0,0,0,0,0.1,0,0,0,0,0,0,0,0,0,0,0,0,0,0,0,0,0,0,0,0,0,0,0,0,0,0,0,0,0,0,0,0,0,0,0,0,0,0,0,0,0,0,lidar_odom,robot0/base_link,
111,3.02e+08,1.24322,-0.236404,0.222833,0.00313228,0.0108334,0.666353,0.745551,0.1,0,0,0,0,0,0,0.1,0,0,0,0,0,0,0.1,0,0,0,0,0,0,0.1,0,0,0,0,0,0,0.1,0,0,0,0,0,0,0.1,0,0,0,0,0,0,0,0,0,0,0,0,0,0,0,0,0,0,0,0,0,0,0,0,0,0,0,0,0,0,0,0,0,0,0,0,0,0,0,0,0,0,lidar_odom,robot0/base_link,
111,4.36e+08,1.23731,-0.183526,0.274429,0.0129812,0.00688499,0.666388,0.745461,0.1,0,0,0,0,0,0,0.1,0,0,0,0,0,0,0.1,0,0,0,0,0,0,0.1,0,0,0,0,0,0,0.1,0,0,0,0,0,0,0.1,0,0,0,0,0,0,0,0,0,0,0,0,0,0,0,0,0,0,0,0,0,0,0,0,0,0,0,0,0,0,0,0,0,0,0,0,0,0,0,0,0,0,lidar_odom,robot0/base_link,
111,7.03e+08,1.20776,-0.112708,0.334412,0.0261272,0.00221667,0.664561,0.746774,0.1,0,0,0,0,0,0,0.1,0,0,0,0,0,0,0.1,0,0,0,0,0,0,0.1,0,0,0,0,0,0,0.1,0,0,0,0,0,0,0.1,0,0,0,0,0,0,0,0,0,0,0,0,0,0,0,0,0,0,0,0,0,0,0,0,0,0,0,0,0,0,0,0,0,0,0,0,0,0,0,0,0,0,lidar_odom,robot0/base_link,
111,9.04e+08,1.18651,-0.0536802,0.427469,0.0390795,-0.00119403,0.663831,0.74686,0.1,0,0,0,0,0,0,0.1,0,0,0,0,0,0,0.1,0,0,0,0,0,0,0.1,0,0,0,0,0,0,0.1,0,0,0,0,0,0,0.1,0,0,0,0,0,0,0,0,0,0,0,0,0,0,0,0,0,0,0,0,0,0,0,0,0,0,0,0,0,0,0,0,0,0,0,0,0,0,0,0,0,0,lidar_odom,robot0/base_link,
112,1.02e+08,1.19007,-0.00936173,0.468615,0.0477212,-0.00653182,0.664024,0.746158,0.1,0,0,0,0,0,0,0.1,0,0,0,0,0,0,0.1,0,0,0,0,0,0,0.1,0,0,0,0,0,0,0.1,0,0,0,0,0,0,0.1,0,0,0,0,0,0,0,0,0,0,0,0,0,0,0,0,0,0,0,0,0,0,0,0,0,0,0,0,0,0,0,0,0,0,0,0,0,0,0,0,0,0,lidar_odom,robot0/base_link,
112,2.36e+08,1.22054,-0.000535387,0.43847,0.0460141,-0.00553828,0.664379,0.745958,0.1,0,0,0,0,0,0,0.1,0,0,0,0,0,0,0.1,0,0,0,0,0,0,0.1,0,0,0,0,0,0,0.1,0,0,0,0,0,0,0.1,0,0,0,0,0,0,0,0,0,0,0,0,0,0,0,0,0,0,0,0,0,0,0,0,0,0,0,0,0,0,0,0,0,0,0,0,0,0,0,0,0,0,lidar_odom,robot0/base_link,
112,5.04e+08,1.1935,0.014282,0.410924,0.0378598,-0.00386146,0.664018,0.746748,0.1,0,0,0,0,0,0,0.1,0,0,0,0,0,0,0.1,0,0,0,0,0,0,0.1,0,0,0,0,0,0,0.1,0,0,0,0,0,0,0.1,0,0,0,0,0,0,0,0,0,0,0,0,0,0,0,0,0,0,0,0,0,0,0,0,0,0,0,0,0,0,0,0,0,0,0,0,0,0,0,0,0,0,lidar_odom,robot0/base_link,
112,7.11e+08,1.16848,0.00474434,0.442451,0.0296262,-0.00230242,0.664183,0.746979,0.1,0,0,0,0,0,0,0.1,0,0,0,0,0,0,0.1,0,0,0,0,0,0,0.1,0,0,0,0,0,0,0.1,0,0,0,0,0,0,0.1,0,0,0,0,0,0,0,0,0,0,0,0,0,0,0,0,0,0,0,0,0,0,0,0,0,0,0,0,0,0,0,0,0,0,0,0,0,0,0,0,0,0,lidar_odom,robot0/base_link,
112,9.08e+08,1.18942,0.0184711,0.427817,0.0213603,-0.00306804,0.665186,0.746366,0.1,0,0,0,0,0,0,0.1,0,0,0,0,0,0,0.1,0,0,0,0,0,0,0.1,0,0,0,0,0,0,0.1,0,0,0,0,0,0,0.1,0,0,0,0,0,0,0,0,0,0,0,0,0,0,0,0,0,0,0,0,0,0,0,0,0,0,0,0,0,0,0,0,0,0,0,0,0,0,0,0,0,0,lidar_odom,robot0/base_link,
113,1.1e+08,1.22426,0.0355705,0.430073,0.0136771,-0.00529806,0.665395,0.746348,0.1,0,0,0,0,0,0,0.1,0,0,0,0,0,0,0.1,0,0,0,0,0,0,0.1,0,0,0,0,0,0,0.1,0,0,0,0,0,0,0.1,0,0,0,0,0,0,0,0,0,0,0,0,0,0,0,0,0,0,0,0,0,0,0,0,0,0,0,0,0,0,0,0,0,0,0,0,0,0,0,0,0,0,lidar_odom,robot0/base_link,
113,2.45e+08,1.29643,0.0526951,0.438648,0.00561306,-0.00769483,0.665473,0.746361,0.1,0,0,0,0,0,0,0.1,0,0,0,0,0,0,0.1,0,0,0,0,0,0,0.1,0,0,0,0,0,0,0.1,0,0,0,0,0,0,0.1,0,0,0,0,0,0,0,0,0,0,0,0,0,0,0,0,0,0,0,0,0,0,0,0,0,0,0,0,0,0,0,0,0,0,0,0,0,0,0,0,0,0,lidar_odom,robot0/base_link,
113,5.11e+08,1.32908,0.0442554,0.48275,-0.010373,-0.00758669,0.665597,0.746201,0.1,0,0,0,0,0,0,0.1,0,0,0,0,0,0,0.1,0,0,0,0,0,0,0.1,0,0,0,0,0,0,0.1,0,0,0,0,0,0,0.1,0,0,0,0,0,0,0,0,0,0,0,0,0,0,0,0,0,0,0,0,0,0,0,0,0,0,0,0,0,0,0,0,0,0,0,0,0,0,0,0,0,0,lidar_odom,robot0/base_link,
113,7.09e+08,1.3301,0.0087385,0.569329,-0.0290462,-0.00616843,0.666888,0.744566,0.1,0,0,0,0,0,0,0.1,0,0,0,0,0,0,0.1,0,0,0,0,0,0,0.1,0,0,0,0,0,0,0.1,0,0,0,0,0,0,0.1,0,0,0,0,0,0,0,0,0,0,0,0,0,0,0,0,0,0,0,0,0,0,0,0,0,0,0,0,0,0,0,0,0,0,0,0,0,0,0,0,0,0,lidar_odom,robot0/base_link,
113,9.22e+08,1.32123,0.0120178,0.608541,-0.0429828,-0.00509559,0.666215,0.744503,0.1,0,0,0,0,0,0,0.1,0,0,0,0,0,0,0.1,0,0,0,0,0,0,0.1,0,0,0,0,0,0,0.1,0,0,0,0,0,0,0.1,0,0,0,0,0,0,0,0,0,0,0,0,0,0,0,0,0,0,0,0,0,0,0,0,0,0,0,0,0,0,0,0,0,0,0,0,0,0,0,0,0,0,lidar_odom,robot0/base_link,
114,5.4e+07,1.31329,0.0072778,0.695404,-0.0644917,0.00392731,0.661792,0.746898,0.1,0,0,0,0,0,0,0.1,0,0,0,0,0,0,0.1,0,0,0,0,0,0,0.1,0,0,0,0,0,0,0.1,0,0,0,0,0,0,0.1,0,0,0,0,0,0,0,0,0,0,0,0,0,0,0,0,0,0,0,0,0,0,0,0,0,0,0,0,0,0,0,0,0,0,0,0,0,0,0,0,0,0,lidar_odom,robot0/base_link,
114,3.15e+08,1.2799,-0.014298,0.699391,-0.0714389,0.00625047,0.663283,0.744925,0.1,0,0,0,0,0,0,0.1,0,0,0,0,0,0,0.1,0,0,0,0,0,0,0.1,0,0,0,0,0,0,0.1,0,0,0,0,0,0,0.1,0,0,0,0,0,0,0,0,0,0,0,0,0,0,0,0,0,0,0,0,0,0,0,0,0,0,0,0,0,0,0,0,0,0,0,0,0,0,0,0,0,0,lidar_odom,robot0/base_link,
114,5.16e+08,1.33137,0.0518883,0.571192,-0.0586737,-0.00610262,0.664271,0.745161,0.1,0,0,0,0,0,0,0.1,0,0,0,0,0,0,0.1,0,0,0,0,0,0,0.1,0,0,0,0,0,0,0.1,0,0,0,0,0,0,0.1,0,0,0,0,0,0,0,0,0,0,0,0,0,0,0,0,0,0,0,0,0,0,0,0,0,0,0,0,0,0,0,0,0,0,0,0,0,0,0,0,0,0,lidar_odom,robot0/base_link,
114,7.4e+08,1.3461,0.134322,0.472746,-0.0455506,-0.0170481,0.663281,0.746788,0.1,0,0,0,0,0,0,0.1,0,0,0,0,0,0,0.1,0,0,0,0,0,0,0.1,0,0,0,0,0,0,0.1,0,0,0,0,0,0,0.1,0,0,0,0,0,0,0,0,0,0,0,0,0,0,0,0,0,0,0,0,0,0,0,0,0,0,0,0,0,0,0,0,0,0,0,0,0,0,0,0,0,0,lidar_odom,robot0/base_link,
114,9.48e+08,1.34674,0.18612,0.378461,-0.037356,-0.0269779,0.664398,0.745957,0.1,0,0,0,0,0,0,0.1,0,0,0,0,0,0,0.1,0,0,0,0,0,0,0.1,0,0,0,0,0,0,0.1,0,0,0,0,0,0,0.1,0,0,0,0,0,0,0,0,0,0,0,0,0,0,0,0,0,0,0,0,0,0,0,0,0,0,0,0,0,0,0,0,0,0,0,0,0,0,0,0,0,0,lidar_odom,robot0/base_link,
115,8.4e+07,1.33486,0.221153,0.356624,-0.0306093,-0.030288,0.665132,0.745483,0.1,0,0,0,0,0,0,0.1,0,0,0,0,0,0,0.1,0,0,0,0,0,0,0.1,0,0,0,0,0,0,0.1,0,0,0,0,0,0,0.1,0,0,0,0,0,0,0,0,0,0,0,0,0,0,0,0,0,0,0,0,0,0,0,0,0,0,0,0,0,0,0,0,0,0,0,0,0,0,0,0,0,0,lidar_odom,robot0/base_link,
115,3.52e+08,1.32965,0.256503,0.329465,-0.0239869,-0.0328434,0.665281,0.745485,0.1,0,0,0,0,0,0,0.1,0,0,0,0,0,0,0.1,0,0,0,0,0,0,0.1,0,0,0,0,0,0,0.1,0,0,0,0,0,0,0.1,0,0,0,0,0,0,0,0,0,0,0,0,0,0,0,0,0,0,0,0,0,0,0,0,0,0,0,0,0,0,0,0,0,0,0,0,0,0,0,0,0,0,lidar_odom,robot0/base_link,
115,4.89e+08,1.33852,0.270654,0.277755,-0.0220082,-0.0328919,0.663664,0.746983,0.1,0,0,0,0,0,0,0.1,0,0,0,0,0,0,0.1,0,0,0,0,0,0,0.1,0,0,0,0,0,0,0.1,0,0,0,0,0,0,0.1,0,0,0,0,0,0,0,0,0,0,0,0,0,0,0,0,0,0,0,0,0,0,0,0,0,0,0,0,0,0,0,0,0,0,0,0,0,0,0,0,0,0,lidar_odom,robot0/base_link,
115,7.52e+08,1.30932,0.311186,0.302017,-0.0193053,-0.0276064,0.662311,0.748471,0.1,0,0,0,0,0,0,0.1,0,0,0,0,0,0,0.1,0,0,0,0,0,0,0.1,0,0,0,0,0,0,0.1,0,0,0,0,0,0,0.1,0,0,0,0,0,0,0,0,0,0,0,0,0,0,0,0,0,0,0,0,0,0,0,0,0,0,0,0,0,0,0,0,0,0,0,0,0,0,0,0,0,0,lidar_odom,robot0/base_link,
115,9.52e+08,1.35009,0.331256,0.350076,-0.0194967,-0.0227505,0.663123,0.74791,0.1,0,0,0,0,0,0,0.1,0,0,0,0,0,0,0.1,0,0,0,0,0,0,0.1,0,0,0,0,0,0,0.1,0,0,0,0,0,0,0.1,0,0,0,0,0,0,0,0,0,0,0,0,0,0,0,0,0,0,0,0,0,0,0,0,0,0,0,0,0,0,0,0,0,0,0,0,0,0,0,0,0,0,lidar_odom,robot0/base_link,
116,8.9e+07,1.33616,0.315659,0.330624,-0.0206272,-0.0191026,0.652729,0.757069,0.1,0,0,0,0,0,0,0.1,0,0,0,0,0,0,0.1,0,0,0,0,0,0,0.1,0,0,0,0,0,0,0.1,0,0,0,0,0,0,0.1,0,0,0,0,0,0,0,0,0,0,0,0,0,0,0,0,0,0,0,0,0,0,0,0,0,0,0,0,0,0,0,0,0,0,0,0,0,0,0,0,0,0,lidar_odom,robot0/base_link,
116,3.56e+08,1.32372,0.372059,0.368079,-0.019132,-0.0182612,0.631528,0.774902,0.1,0,0,0,0,0,0,0.1,0,0,0,0,0,0,0.1,0,0,0,0,0,0,0.1,0,0,0,0,0,0,0.1,0,0,0,0,0,0,0.1,0,0,0,0,0,0,0,0,0,0,0,0,0,0,0,0,0,0,0,0,0,0,0,0,0,0,0,0,0,0,0,0,0,0,0,0,0,0,0,0,0,0,lidar_odom,robot0/base_link,
116,5.58e+08,1.33043,0.389243,0.399103,-0.0177991,-0.0204406,0.612746,0.789815,0.1,0,0,0,0,0,0,0.1,0,0,0,0,0,0,0.1,0,0,0,0,0,0,0.1,0,0,0,0,0,0,0.1,0,0,0,0,0,0,0.1,0,0,0,0,0,0,0,0,0,0,0,0,0,0,0,0,0,0,0,0,0,0,0,0,0,0,0,0,0,0,0,0,0,0,0,0,0,0,0,0,0,0,lidar_odom,robot0/base_link,
116,7.57e+08,1.34405,0.405921,0.431133,-0.0185701,-0.0217503,0.596875,0.801824,0.1,0,0,0,0,0,0,0.1,0,0,0,0,0,0,0.1,0,0,0,0,0,0,0.1,0,0,0,0,0,0,0.1,0,0,0,0,0,0,0.1,0,0,0,0,0,0,0,0,0,0,0,0,0,0,0,0,0,0,0,0,0,0,0,0,0,0,0,0,0,0,0,0,0,0,0,0,0,0,0,0,0,0,lidar_odom,robot0/base_link,
116,9.65e+08,1.40561,0.463616,0.383774,-0.012827,-0.0251038,0.578883,0.814923,0.1,0,0,0,0,0,0,0.1,0,0,0,0,0,0,0.1,0,0,0,0,0,0,0.1,0,0,0,0,0,0,0.1,0,0,0,0,0,0,0.1,0,0,0,0,0,0,0,0,0,0,0,0,0,0,0,0,0,0,0,0,0,0,0,0,0,0,0,0,0,0,0,0,0,0,0,0,0,0,0,0,0,0,lidar_odom,robot0/base_link,
117,1e+08,1.36936,0.465722,0.359458,-0.00981099,-0.0266132,0.56732,0.823009,0.1,0,0,0,0,0,0,0.1,0,0,0,0,0,0,0.1,0,0,0,0,0,0,0.1,0,0,0,0,0,0,0.1,0,0,0,0,0,0,0.1,0,0,0,0,0,0,0,0,0,0,0,0,0,0,0,0,0,0,0,0,0,0,0,0,0,0,0,0,0,0,0,0,0,0,0,0,0,0,0,0,0,0,lidar_odom,robot0/base_link,
117,3.03e+08,1.35942,0.488048,0.377091,-0.00942763,-0.0265024,0.56542,0.824323,0.1,0,0,0,0,0,0,0.1,0,0,0,0,0,0,0.1,0,0,0,0,0,0,0.1,0,0,0,0,0,0,0.1,0,0,0,0,0,0,0.1,0,0,0,0,0,0,0,0,0,0,0,0,0,0,0,0,0,0,0,0,0,0,0,0,0,0,0,0,0,0,0,0,0,0,0,0,0,0,0,0,0,0,lidar_odom,robot0/base_link,
117,5.7e+08,1.34435,0.499934,0.388991,-0.0127785,-0.0236732,0.566182,0.823841,0.1,0,0,0,0,0,0,0.1,0,0,0,0,0,0,0.1,0,0,0,0,0,0,0.1,0,0,0,0,0,0,0.1,0,0,0,0,0,0,0.1,0,0,0,0,0,0,0,0,0,0,0,0,0,0,0,0,0,0,0,0,0,0,0,0,0,0,0,0,0,0,0,0,0,0,0,0,0,0,0,0,0,0,lidar_odom,robot0/base_link,
117,7.69e+08,1.34292,0.522787,0.402935,-0.00546529,-0.0180355,0.567548,0.823125,0.1,0,0,0,0,0,0,0.1,0,0,0,0,0,0,0.1,0,0,0,0,0,0,0.1,0,0,0,0,0,0,0.1,0,0,0,0,0,0,0.1,0,0,0,0,0,0,0,0,0,0,0,0,0,0,0,0,0,0,0,0,0,0,0,0,0,0,0,0,0,0,0,0,0,0,0,0,0,0,0,0,0,0,lidar_odom,robot0/base_link,
117,9.65e+08,1.31091,0.538618,0.468568,0.00252691,-0.00847864,0.56625,0.824186,0.1,0,0,0,0,0,0,0.1,0,0,0,0,0,0,0.1,0,0,0,0,0,0,0.1,0,0,0,0,0,0,0.1,0,0,0,0,0,0,0.1,0,0,0,0,0,0,0,0,0,0,0,0,0,0,0,0,0,0,0,0,0,0,0,0,0,0,0,0,0,0,0,0,0,0,0,0,0,0,0,0,0,0,lidar_odom,robot0/base_link,
118,1.66e+08,1.30525,0.58021,0.536995,0.00471501,-0.000308112,0.564859,0.825174,0.1,0,0,0,0,0,0,0.1,0,0,0,0,0,0,0.1,0,0,0,0,0,0,0.1,0,0,0,0,0,0,0.1,0,0,0,0,0,0,0.1,0,0,0,0,0,0,0,0,0,0,0,0,0,0,0,0,0,0,0,0,0,0,0,0,0,0,0,0,0,0,0,0,0,0,0,0,0,0,0,0,0,0,lidar_odom,robot0/base_link,
118,3.67e+08,1.35723,0.602792,0.531231,0.0088866,0.00521782,0.566604,0.823926,0.1,0,0,0,0,0,0,0.1,0,0,0,0,0,0,0.1,0,0,0,0,0,0,0.1,0,0,0,0,0,0,0.1,0,0,0,0,0,0,0.1,0,0,0,0,0,0,0,0,0,0,0,0,0,0,0,0,0,0,0,0,0,0,0,0,0,0,0,0,0,0,0,0,0,0,0,0,0,0,0,0,0,0,lidar_odom,robot0/base_link,
118,5.05e+08,1.38238,0.646826,0.525799,0.00829012,0.00952002,0.565031,0.824973,0.1,0,0,0,0,0,0,0.1,0,0,0,0,0,0,0.1,0,0,0,0,0,0,0.1,0,0,0,0,0,0,0.1,0,0,0,0,0,0,0.1,0,0,0,0,0,0,0,0,0,0,0,0,0,0,0,0,0,0,0,0,0,0,0,0,0,0,0,0,0,0,0,0,0,0,0,0,0,0,0,0,0,0,lidar_odom,robot0/base_link,
118,7.73e+08,1.33343,0.62586,0.487491,0.00728691,0.0179885,0.564796,0.825002,0.1,0,0,0,0,0,0,0.1,0,0,0,0,0,0,0.1,0,0,0,0,0,0,0.1,0,0,0,0,0,0,0.1,0,0,0,0,0,0,0.1,0,0,0,0,0,0,0,0,0,0,0,0,0,0,0,0,0,0,0,0,0,0,0,0,0,0,0,0,0,0,0,0,0,0,0,0,0,0,0,0,0,0,lidar_odom,robot0/base_link,
118,9.06e+08,1.32361,0.617778,0.481756,0.000433355,0.027038,0.565201,0.82451,0.1,0,0,0,0,0,0,0.1,0,0,0,0,0,0,0.1,0,0,0,0,0,0,0.1,0,0,0,0,0,0,0.1,0,0,0,0,0,0,0.1,0,0,0,0,0,0,0,0,0,0,0,0,0,0,0,0,0,0,0,0,0,0,0,0,0,0,0,0,0,0,0,0,0,0,0,0,0,0,0,0,0,0,lidar_odom,robot0/base_link,
119,1.72e+08,1.34349,0.600727,0.441687,-0.0102734,0.0359946,0.563865,0.825018,0.1,0,0,0,0,0,0,0.1,0,0,0,0,0,0,0.1,0,0,0,0,0,0,0.1,0,0,0,0,0,0,0.1,0,0,0,0,0,0,0.1,0,0,0,0,0,0,0,0,0,0,0,0,0,0,0,0,0,0,0,0,0,0,0,0,0,0,0,0,0,0,0,0,0,0,0,0,0,0,0,0,0,0,lidar_odom,robot0/base_link,
119,3.76e+08,1.42223,0.609937,0.430274,-0.0168999,0.0454363,0.562993,0.825039,0.1,0,0,0,0,0,0,0.1,0,0,0,0,0,0,0.1,0,0,0,0,0,0,0.1,0,0,0,0,0,0,0.1,0,0,0,0,0,0,0.1,0,0,0,0,0,0,0,0,0,0,0,0,0,0,0,0,0,0,0,0,0,0,0,0,0,0,0,0,0,0,0,0,0,0,0,0,0,0,0,0,0,0,lidar_odom,robot0/base_link,
119,5.82e+08,1.35247,0.627673,0.387995,-0.0153366,0.0497671,0.563821,0.824253,0.1,0,0,0,0,0,0,0.1,0,0,0,0,0,0,0.1,0,0,0,0,0,0,0.1,0,0,0,0,0,0,0.1,0,0,0,0,0,0,0.1,0,0,0,0,0,0,0,0,0,0,0,0,0,0,0,0,0,0,0,0,0,0,0,0,0,0,0,0,0,0,0,0,0,0,0,0,0,0,0,0,0,0,lidar_odom,robot0/base_link,
119,7.81e+08,1.32637,0.661162,0.345725,-0.0124921,0.054655,0.565824,0.822618,0.1,0,0,0,0,0,0,0.1,0,0,0,0,0,0,0.1,0,0,0,0,0,0,0.1,0,0,0,0,0,0,0.1,0,0,0,0,0,0,0.1,0,0,0,0,0,0,0,0,0,0,0,0,0,0,0,0,0,0,0,0,0,0,0,0,0,0,0,0,0,0,0,0,0,0,0,0,0,0,0,0,0,0,lidar_odom,robot0/base_link,
119,9.16e+08,1.29727,0.673528,0.307579,-0.00769422,0.0603552,0.564237,0.823368,0.1,0,0,0,0,0,0,0.1,0,0,0,0,0,0,0.1,0,0,0,0,0,0,0.1,0,0,0,0,0,0,0.1,0,0,0,0,0,0,0.1,0,0,0,0,0,0,0,0,0,0,0,0,0,0,0,0,0,0,0,0,0,0,0,0,0,0,0,0,0,0,0,0,0,0,0,0,0,0,0,0,0,0,lidar_odom,robot0/base_link,
120,1.2e+08,1.26504,0.673889,0.21415,-0.00204937,0.0671084,0.563841,0.82315,0.1,0,0,0,0,0,0,0.1,0,0,0,0,0,0,0.1,0,0,0,0,0,0,0.1,0,0,0,0,0,0,0.1,0,0,0,0,0,0,0.1,0,0,0,0,0,0,0,0,0,0,0,0,0,0,0,0,0,0,0,0,0,0,0,0,0,0,0,0,0,0,0,0,0,0,0,0,0,0,0,0,0,0,lidar_odom,robot0/base_link,
120,3.88e+08,1.22092,0.693206,0.149746,0.00369607,0.0743746,0.563291,0.822896,0.1,0,0,0,0,0,0,0.1,0,0,0,0,0,0,0.1,0,0,0,0,0,0,0.1,0,0,0,0,0,0,0.1,0,0,0,0,0,0,0.1,0,0,0,0,0,0,0,0,0,0,0,0,0,0,0,0,0,0,0,0,0,0,0,0,0,0,0,0,0,0,0,0,0,0,0,0,0,0,0,0,0,0,lidar_odom,robot0/base_link,
120,5.9e+08,1.22947,0.717707,0.0513686,0.00448204,0.0697246,0.565447,0.82182,0.1,0,0,0,0,0,0,0.1,0,0,0,0,0,0,0.1,0,0,0,0,0,0,0.1,0,0,0,0,0,0,0.1,0,0,0,0,0,0,0.1,0,0,0,0,0,0,0,0,0,0,0,0,0,0,0,0,0,0,0,0,0,0,0,0,0,0,0,0,0,0,0,0,0,0,0,0,0,0,0,0,0,0,lidar_odom,robot0/base_link,
120,7.89e+08,1.22455,0.731905,-0.00397929,0.000228815,0.0717014,0.564528,0.822294,0.1,0,0,0,0,0,0,0.1,0,0,0,0,0,0,0.1,0,0,0,0,0,0,0.1,0,0,0,0,0,0,0.1,0,0,0,0,0,0,0.1,0,0,0,0,0,0,0,0,0,0,0,0,0,0,0,0,0,0,0,0,0,0,0,0,0,0,0,0,0,0,0,0,0,0,0,0,0,0,0,0,0,0,lidar_odom,robot0/base_link,
120,9.89e+08,1.25281,0.760049,0.0209789,0.00293741,0.0699918,0.562647,0.823724,0.1,0,0,0,0,0,0,0.1,0,0,0,0,0,0,0.1,0,0,0,0,0,0,0.1,0,0,0,0,0,0,0.1,0,0,0,0,0,0,0.1,0,0,0,0,0,0,0,0,0,0,0,0,0,0,0,0,0,0,0,0,0,0,0,0,0,0,0,0,0,0,0,0,0,0,0,0,0,0,0,0,0,0,lidar_odom,robot0/base_link,
121,1.35e+08,1.25031,0.772096,0.120923,-0.0041205,0.0714152,0.560348,0.825163,0.1,0,0,0,0,0,0,0.1,0,0,0,0,0,0,0.1,0,0,0,0,0,0,0.1,0,0,0,0,0,0,0.1,0,0,0,0,0,0,0.1,0,0,0,0,0,0,0,0,0,0,0,0,0,0,0,0,0,0,0,0,0,0,0,0,0,0,0,0,0,0,0,0,0,0,0,0,0,0,0,0,0,0,lidar_odom,robot0/base_link,
121,3.36e+08,1.29032,0.81878,0.162738,-0.00152037,0.0665088,0.562583,0.82406,0.1,0,0,0,0,0,0,0.1,0,0,0,0,0,0,0.1,0,0,0,0,0,0,0.1,0,0,0,0,0,0,0.1,0,0,0,0,0,0,0.1,0,0,0,0,0,0,0,0,0,0,0,0,0,0,0,0,0,0,0,0,0,0,0,0,0,0,0,0,0,0,0,0,0,0,0,0,0,0,0,0,0,0,lidar_odom,robot0/base_link,
121,6.08e+08,1.38009,0.885259,0.154386,0.00480465,0.0628915,0.561749,0.8249,0.1,0,0,0,0,0,0,0.1,0,0,0,0,0,0,0.1,0,0,0,0,0,0,0.1,0,0,0,0,0,0,0.1,0,0,0,0,0,0,0.1,0,0,0,0,0,0,0,0,0,0,0,0,0,0,0,0,0,0,0,0,0,0,0,0,0,0,0,0,0,0,0,0,0,0,0,0,0,0,0,0,0,0,lidar_odom,robot0/base_link,
121,8.07e+08,1.37933,0.902152,0.219534,0.00435003,0.0584294,0.563745,0.823868,0.1,0,0,0,0,0,0,0.1,0,0,0,0,0,0,0.1,0,0,0,0,0,0,0.1,0,0,0,0,0,0,0.1,0,0,0,0,0,0,0.1,0,0,0,0,0,0,0,0,0,0,0,0,0,0,0,0,0,0,0,0,0,0,0,0,0,0,0,0,0,0,0,0,0,0,0,0,0,0,0,0,0,0,lidar_odom,robot0/base_link,
122,1.1e+07,1.39701,0.942737,0.250168,0.00481525,0.0480354,0.564722,0.823868,0.1,0,0,0,0,0,0,0.1,0,0,0,0,0,0,0.1,0,0,0,0,0,0,0.1,0,0,0,0,0,0,0.1,0,0,0,0,0,0,0.1,0,0,0,0,0,0,0,0,0,0,0,0,0,0,0,0,0,0,0,0,0,0,0,0,0,0,0,0,0,0,0,0,0,0,0,0,0,0,0,0,0,0,lidar_odom,robot0/base_link,
122,1.43e+08,1.41983,0.984343,0.324566,0.00797017,0.0384075,0.564844,0.824265,0.1,0,0,0,0,0,0,0.1,0,0,0,0,0,0,0.1,0,0,0,0,0,0,0.1,0,0,0,0,0,0,0.1,0,0,0,0,0,0,0.1,0,0,0,0,0,0,0,0,0,0,0,0,0,0,0,0,0,0,0,0,0,0,0,0,0,0,0,0,0,0,0,0,0,0,0,0,0,0,0,0,0,0,lidar_odom,robot0/base_link,
122,3.55e+08,1.44114,1.01545,0.368644,0.0107134,0.0266328,0.563122,0.825875,0.1,0,0,0,0,0,0,0.1,0,0,0,0,0,0,0.1,0,0,0,0,0,0,0.1,0,0,0,0,0,0,0.1,0,0,0,0,0,0,0.1,0,0,0,0,0,0,0,0,0,0,0,0,0,0,0,0,0,0,0,0,0,0,0,0,0,0,0,0,0,0,0,0,0,0,0,0,0,0,0,0,0,0,lidar_odom,robot0/base_link,
122,6.25e+08,1.50428,1.06749,0.447906,0.0108441,0.0148713,0.560576,0.827898,0.1,0,0,0,0,0,0,0.1,0,0,0,0,0,0,0.1,0,0,0,0,0,0,0.1,0,0,0,0,0,0,0.1,0,0,0,0,0,0,0.1,0,0,0,0,0,0,0,0,0,0,0,0,0,0,0,0,0,0,0,0,0,0,0,0,0,0,0,0,0,0,0,0,0,0,0,0,0,0,0,0,0,0,lidar_odom,robot0/base_link,
122,7.61e+08,1.54146,1.09219,0.556997,0.00278835,0.00360056,0.562823,0.826565,0.1,0,0,0,0,0,0,0.1,0,0,0,0,0,0,0.1,0,0,0,0,0,0,0.1,0,0,0,0,0,0,0.1,0,0,0,0,0,0,0.1,0,0,0,0,0,0,0,0,0,0,0,0,0,0,0,0,0,0,0,0,0,0,0,0,0,0,0,0,0,0,0,0,0,0,0,0,0,0,0,0,0,0,lidar_odom,robot0/base_link,
123,4e+07,1.57915,1.09981,0.590406,-0.00690005,-0.0102101,0.564196,0.825549,0.1,0,0,0,0,0,0,0.1,0,0,0,0,0,0,0.1,0,0,0,0,0,0,0.1,0,0,0,0,0,0,0.1,0,0,0,0,0,0,0.1,0,0,0,0,0,0,0,0,0,0,0,0,0,0,0,0,0,0,0,0,0,0,0,0,0,0,0,0,0,0,0,0,0,0,0,0,0,0,0,0,0,0,lidar_odom,robot0/base_link,
123,1.73e+08,1.61355,1.128,0.738732,-0.0103241,-0.0155708,0.563422,0.825958,0.1,0,0,0,0,0,0,0.1,0,0,0,0,0,0,0.1,0,0,0,0,0,0,0.1,0,0,0,0,0,0,0.1,0,0,0,0,0,0,0.1,0,0,0,0,0,0,0,0,0,0,0,0,0,0,0,0,0,0,0,0,0,0,0,0,0,0,0,0,0,0,0,0,0,0,0,0,0,0,0,0,0,0,lidar_odom,robot0/base_link,
123,3.73e+08,1.61153,1.14711,0.724911,-0.0122112,-0.0164899,0.563415,0.825919,0.1,0,0,0,0,0,0,0.1,0,0,0,0,0,0,0.1,0,0,0,0,0,0,0.1,0,0,0,0,0,0,0.1,0,0,0,0,0,0,0.1,0,0,0,0,0,0,0,0,0,0,0,0,0,0,0,0,0,0,0,0,0,0,0,0,0,0,0,0,0,0,0,0,0,0,0,0,0,0,0,0,0,0,lidar_odom,robot0/base_link,
123,6.42e+08,1.63019,1.17983,0.711497,-0.00795582,-0.0172313,0.56246,0.826607,0.1,0,0,0,0,0,0,0.1,0,0,0,0,0,0,0.1,0,0,0,0,0,0,0.1,0,0,0,0,0,0,0.1,0,0,0,0,0,0,0.1,0,0,0,0,0,0,0,0,0,0,0,0,0,0,0,0,0,0,0,0,0,0,0,0,0,0,0,0,0,0,0,0,0,0,0,0,0,0,0,0,0,0,lidar_odom,robot0/base_link,
123,8.4e+08,1.63543,1.21836,0.75142,0.00115342,-0.0176156,0.564095,0.825521,0.1,0,0,0,0,0,0,0.1,0,0,0,0,0,0,0.1,0,0,0,0,0,0,0.1,0,0,0,0,0,0,0.1,0,0,0,0,0,0,0.1,0,0,0,0,0,0,0,0,0,0,0,0,0,0,0,0,0,0,0,0,0,0,0,0,0,0,0,0,0,0,0,0,0,0,0,0,0,0,0,0,0,0,lidar_odom,robot0/base_link,
123,9.72e+08,1.59542,1.21618,0.694037,-0.007179,-0.0174518,0.566159,0.82408,0.1,0,0,0,0,0,0,0.1,0,0,0,0,0,0,0.1,0,0,0,0,0,0,0.1,0,0,0,0,0,0,0.1,0,0,0,0,0,0,0.1,0,0,0,0,0,0,0,0,0,0,0,0,0,0,0,0,0,0,0,0,0,0,0,0,0,0,0,0,0,0,0,0,0,0,0,0,0,0,0,0,0,0,lidar_odom,robot0/base_link,
124,2.45e+08,1.63264,1.22066,0.673645,-0.0182541,-0.0132567,0.564975,0.8248,0.1,0,0,0,0,0,0,0.1,0,0,0,0,0,0,0.1,0,0,0,0,0,0,0.1,0,0,0,0,0,0,0.1,0,0,0,0,0,0,0.1,0,0,0,0,0,0,0,0,0,0,0,0,0,0,0,0,0,0,0,0,0,0,0,0,0,0,0,0,0,0,0,0,0,0,0,0,0,0,0,0,0,0,lidar_odom,robot0/base_link,
124,4.45e+08,1.65319,1.17523,0.622544,-0.0372013,-0.00335138,0.566734,0.823054,0.1,0,0,0,0,0,0,0.1,0,0,0,0,0,0,0.1,0,0,0,0,0,0,0.1,0,0,0,0,0,0,0.1,0,0,0,0,0,0,0.1,0,0,0,0,0,0,0,0,0,0,0,0,0,0,0,0,0,0,0,0,0,0,0,0,0,0,0,0,0,0,0,0,0,0,0,0,0,0,0,0,0,0,lidar_odom,robot0/base_link,
124,5.78e+08,1.66964,1.14116,0.626549,-0.0582371,0.00419371,0.56584,0.822445,0.1,0,0,0,0,0,0,0.1,0,0,0,0,0,0,0.1,0,0,0,0,0,0,0.1,0,0,0,0,0,0,0.1,0,0,0,0,0,0,0.1,0,0,0,0,0,0,0,0,0,0,0,0,0,0,0,0,0,0,0,0,0,0,0,0,0,0,0,0,0,0,0,0,0,0,0,0,0,0,0,0,0,0,lidar_odom,robot0/base_link,
124,8.47e+08,1.67885,1.10469,0.619614,-0.077137,0.0101339,0.564223,0.821949,0.1,0,0,0,0,0,0,0.1,0,0,0,0,0,0,0.1,0,0,0,0,0,0,0.1,0,0,0,0,0,0,0.1,0,0,0,0,0,0,0.1,0,0,0,0,0,0,0,0,0,0,0,0,0,0,0,0,0,0,0,0,0,0,0,0,0,0,0,0,0,0,0,0,0,0,0,0,0,0,0,0,0,0,lidar_odom,robot0/base_link,
125,5.3e+07,1.72158,1.11106,0.647623,-0.0878518,0.0166516,0.561607,0.822558,0.1,0,0,0,0,0,0,0.1,0,0,0,0,0,0,0.1,0,0,0,0,0,0,0.1,0,0,0,0,0,0,0.1,0,0,0,0,0,0,0.1,0,0,0,0,0,0,0,0,0,0,0,0,0,0,0,0,0,0,0,0,0,0,0,0,0,0,0,0,0,0,0,0,0,0,0,0,0,0,0,0,0,0,lidar_odom,robot0/base_link,
125,1.85e+08,1.75384,1.15407,0.657557,-0.0883584,0.0183915,0.561629,0.822452,0.1,0,0,0,0,0,0,0.1,0,0,0,0,0,0,0.1,0,0,0,0,0,0,0.1,0,0,0,0,0,0,0.1,0,0,0,0,0,0,0.1,0,0,0,0,0,0,0,0,0,0,0,0,0,0,0,0,0,0,0,0,0,0,0,0,0,0,0,0,0,0,0,0,0,0,0,0,0,0,0,0,0,0,lidar_odom,robot0/base_link,
125,3.82e+08,1.76847,1.15427,0.626316,-0.0875862,0.0155307,0.562065,0.822296,0.1,0,0,0,0,0,0,0.1,0,0,0,0,0,0,0.1,0,0,0,0,0,0,0.1,0,0,0,0,0,0,0.1,0,0,0,0,0,0,0.1,0,0,0,0,0,0,0,0,0,0,0,0,0,0,0,0,0,0,0,0,0,0,0,0,0,0,0,0,0,0,0,0,0,0,0,0,0,0,0,0,0,0,lidar_odom,robot0/base_link,
125,6.46e+08,1.73918,1.18833,0.648097,-0.081323,0.0095369,0.564697,0.821227,0.1,0,0,0,0,0,0,0.1,0,0,0,0,0,0,0.1,0,0,0,0,0,0,0.1,0,0,0,0,0,0,0.1,0,0,0,0,0,0,0.1,0,0,0,0,0,0,0,0,0,0,0,0,0,0,0,0,0,0,0,0,0,0,0,0,0,0,0,0,0,0,0,0,0,0,0,0,0,0,0,0,0,0,lidar_odom,robot0/base_link,
125,8.52e+08,1.74624,1.256,0.666985,-0.067379,0.00633935,0.563283,0.823488,0.1,0,0,0,0,0,0,0.1,0,0,0,0,0,0,0.1,0,0,0,0,0,0,0.1,0,0,0,0,0,0,0.1,0,0,0,0,0,0,0.1,0,0,0,0,0,0,0,0,0,0,0,0,0,0,0,0,0,0,0,0,0,0,0,0,0,0,0,0,0,0,0,0,0,0,0,0,0,0,0,0,0,0,lidar_odom,robot0/base_link,
126,5.2e+07,1.73936,1.31129,0.696786,-0.0544043,0.00696643,0.562498,0.824977,0.1,0,0,0,0,0,0,0.1,0,0,0,0,0,0,0.1,0,0,0,0,0,0,0.1,0,0,0,0,0,0,0.1,0,0,0,0,0,0,0.1,0,0,0,0,0,0,0,0,0,0,0,0,0,0,0,0,0,0,0,0,0,0,0,0,0,0,0,0,0,0,0,0,0,0,0,0,0,0,0,0,0,0,lidar_odom,robot0/base_link,
126,1.86e+08,1.70663,1.37058,0.73954,-0.0365876,0.00762523,0.560747,0.827143,0.1,0,0,0,0,0,0,0.1,0,0,0,0,0,0,0.1,0,0,0,0,0,0,0.1,0,0,0,0,0,0,0.1,0,0,0,0,0,0,0.1,0,0,0,0,0,0,0,0,0,0,0,0,0,0,0,0,0,0,0,0,0,0,0,0,0,0,0,0,0,0,0,0,0,0,0,0,0,0,0,0,0,0,lidar_odom,robot0/base_link,
126,3.82e+08,1.72052,1.43755,0.795174,-0.0169594,0.00666851,0.562626,0.826511,0.1,0,0,0,0,0,0,0.1,0,0,0,0,0,0,0.1,0,0,0,0,0,0,0.1,0,0,0,0,0,0,0.1,0,0,0,0,0,0,0.1,0,0,0,0,0,0,0,0,0,0,0,0,0,0,0,0,0,0,0,0,0,0,0,0,0,0,0,0,0,0,0,0,0,0,0,0,0,0,0,0,0,0,lidar_odom,robot0/base_link,
126,6.53e+08,1.75802,1.47288,0.792845,-0.0063381,0.00357105,0.562183,0.826981,0.1,0,0,0,0,0,0,0.1,0,0,0,0,0,0,0.1,0,0,0,0,0,0,0.1,0,0,0,0,0,0,0.1,0,0,0,0,0,0,0.1,0,0,0,0,0,0,0,0,0,0,0,0,0,0,0,0,0,0,0,0,0,0,0,0,0,0,0,0,0,0,0,0,0,0,0,0,0,0,0,0,0,0,lidar_odom,robot0/base_link,
126,8.63e+08,1.74011,1.52115,0.785206,0.00349855,-0.00234507,0.562658,0.826679,0.1,0,0,0,0,0,0,0.1,0,0,0,0,0,0,0.1,0,0,0,0,0,0,0.1,0,0,0,0,0,0,0.1,0,0,0,0,0,0,0.1,0,0,0,0,0,0,0,0,0,0,0,0,0,0,0,0,0,0,0,0,0,0,0,0,0,0,0,0,0,0,0,0,0,0,0,0,0,0,0,0,0,0,lidar_odom,robot0/base_link,
127,7.2e+07,1.74289,1.59501,0.768672,0.0130008,-0.0103138,0.562129,0.826883,0.1,0,0,0,0,0,0,0.1,0,0,0,0,0,0,0.1,0,0,0,0,0,0,0.1,0,0,0,0,0,0,0.1,0,0,0,0,0,0,0.1,0,0,0,0,0,0,0,0,0,0,0,0,0,0,0,0,0,0,0,0,0,0,0,0,0,0,0,0,0,0,0,0,0,0,0,0,0,0,0,0,0,0,lidar_odom,robot0/base_link,
